hdp_shardid,skclientkey,device_naturalkey,dispensingdevicename
15,13535,-2147440892,MURED
15,13535,-2147440893,MURMSU
15,13535,-2147441036,
15,13535,-2147441037,Pyxis Link
15,13535,-2147437246,MURPACU
15,13535,-2147438155,MURORA2
15,13535,-2147438156,MURORA1
15,13535,-2147440890,MUREMS
15,13535,-2147440891,MUROR
5,13711,-2147443611,W-CWAY-RES
5,13711,-2147455076, 
5,13711,-2147455075,WA-OR-1
5,13711,-2147455074,WA-OR-2
5,13711,-2147455073,WA-OR-3
5,13711,-2147455072,WA-OR-4
5,13711,-2147455071,WA-OR-5
5,13711,-2147455070,WA-OR-6
5,13711,-2147455069,WA-LD-OR1
5,13711,-2147455068,WA-LD-OR2
5,13711,-2147455067,W-OR-CORE
5,13711,-2147455066,W-OR-PACU
5,13711,-2147455065,W-OR-PREOP
5,13711,-2147455064,W-LD-MAIN
5,13711,-2147455063,W-LD-RECOV
5,13711,-2147455062,W-NURSERY
5,13711,-2147455061,W-LD-PP
5,13711,-2147455060,W-3N1
5,13711,-2147455059,W-3N2
5,13711,-2147455058,W-3S1
5,13711,-2147455057,W-3S2
5,13711,-2147455056,W-ED-TRIAG
5,13711,-2147455055,W-ED-TRM
5,13711,-2147443497,ICWK-INF
5,13711,-2147443613,W-CWAY-MR
5,13711,-2147443612,W-CWAY-PTA
5,13711,-2147455054,W-ED-1
5,13711,-2147455053,W-ED-2
5,13711,-2147455052,W-ED-PED
5,13711,-2147455051,W-ICU
5,13711,-2147455050,W-4S1
5,13711,-2147455049,W-4S2
5,13711,-2147455048,W-OR-POP
5,13711,-2147455047,W-HOLD
5,13711,-2147455046,W-NUCLEAR
5,13711,-2147455045,W-CARD-PUL
5,13711,-2147455044,W-CT-SCAN
5,13711,-2147455043,W-MRI
5,13711,-2147455042,ES-WENDO-1
5,13711,-2147455041,ES-WENDO-2
5,13711,-2147453269,Pyxis Link
5,13711,-2147452382,W-ENDO-1
5,13711,-2147452381,W-ENDO-2
5,13711,-2147444906,W-CWALK-PTA
5,13711,-2147444905,W-CWALK-RES
5,13711,-2147444904,W-CWALK-MR
6,15910,-2147438495,PMCH-DTSUC
6,15910,-2147438496,PMCH-MQUC
6,15910,-2147438497,PMCH-TOSUC
6,15910,-2147438498,PMCH-NHUC
6,15910,-2147438499,PMCH-MRGI
6,15910,-2147438500,PMCH-MRUC
6,15910,-2147438501,PMCH-CHNBE
6,15910,-2147438502,PMCH-CHNBI
6,15910,-2147438503,PMCH-OPCC
6,15910,-2147438504,PMCH-CCC
6,15910,-2147438505,PMCH-ED2
6,15910,-2147438506,PMCH-ED1
6,15910,-2147438507,PMCH-MINUR
6,15910,-2147438508,PMCH-IR
6,15910,-2147438509,PMCH-ORM2
6,15910,-2147438510,PMCH-ORM1
6,15910,-2147438511,PMCH-PACU
6,15910,-2147438512,PMCH-HTS
6,15910,-2147438513,PMCH-MHC
6,15910,-2147438514,PMCH-GVU
6,15910,-2147438515,PMCH-ICU
6,15910,-2147438516,PMCH-CVPCH
6,15910,-2147438517,PMCH-CATH2
6,15910,-2147438518,PMCH-CATH1
6,15910,-2147438519,PMCH-REHAB
6,15910,-2147439275,PACH-OR-2
6,15910,-2147439276,PACH-OR-1
6,15910,-2147439277,
6,15910,-2147439278,Pyxis Link
6,15910,-2147438306,PMCH-NHUC
6,15910,-2147438302,PMCH-NHUC
6,15910,-2147438067,PMCH-WBUC
6,15910,-2147438013,MRED2
6,15910,-2147437381,PMCH-CHPW
6,15910,-2147438520,PMCH-MCU4
6,15910,-2147438521,PMCH-OBW
6,15910,-2147438522,PMCH-OBE
6,15910,-2147438523,PMCH-SCN
6,15910,-2147438524,PMCH-CSEC2
6,15910,-2147438525,PMCH-CSEC1
6,15910,-2147438526,PMCH-MCU3
6,15910,-2147438527,PMCH-MCU1
6,15910,-2147438528,PMCH-MED
6,15910,-2147438529,PMCH-SOP3
6,15910,-2147438530,PMCH-SOP1
6,15910,-2147438531,PMCH-SUR
6,15910,-2147439255,PACH-CATH2
6,15910,-2147439256,PACH-OR-6
6,15910,-2147439257,PACH-CSEC2
6,15910,-2147439258,PACH-CSEC1
6,15910,-2147439259,PACH-CATH3
6,15910,-2147439260,PACH-CATH1
6,15910,-2147439261,PACH-PACU
6,15910,-2147439262,PACH-RAAP1
6,15910,-2147439263,PACH-ENDO3
6,15910,-2147439264,PACH-ENDO2
6,15910,-2147439265,PACH-CYSTO
6,15910,-2147439266,PACH-IR
6,15910,-2147439267,PACH-OR-10
6,15910,-2147439268,PACH-OR-9
6,15910,-2147439269,PACH-OR-8
6,15910,-2147439270,PACH-OR-7
6,15910,-2147439271,PACH-OR-6
6,15910,-2147439272,PACH-OR-5
6,15910,-2147439273,PACH-OR-4
6,15910,-2147439274,PACH-OR-3
22,15790,-2147479323,SPR
22,15790,-2147479340,YELLOW
22,15790,-2147482537,zzMB4B
22,15790,-2147482536,OR11
22,15790,-2147482535,zzCVICU
22,15790,-2147482534,zzPAIN_MGMNT
22,15790,-2147482533,OR-LD
22,15790,-2147482532,zzMB6A
22,15790,-2147482531,OR14
22,15790,-2147482530,zzIVT
22,15790,-2147482529,zzSPR
22,15790,-2147482528,Pyxis Link
22,15790,-2147481025,AY3
22,15790,-2147480588,BLUE
22,15790,-2147480587,GRN
22,15790,-2147480586,CATHRR
22,15790,-2147480585,CVICU
22,15790,-2147480514,ICU
22,15790,-2147480513,MB3A
22,15790,-2147480512,MB3B
22,15790,-2147480511,MB3X
22,15790,-2147479959,ERT
22,15790,-2147479958,CATHLAB_B
22,15790,-2147479969,OB
22,15790,-2147479968,N3
22,15790,-2147479967,N3A
22,15790,-2147479966,RED
22,15790,-2147480226,MB6A
22,15790,-2147480225,MB6B
22,15790,-2147480224,MB5B
22,15790,-2147480223,MSOVF
22,15790,-2147480299,MB4A
22,15790,-2147480298,MB4B
22,15790,-2147480297,RADIOLOGY
22,15790,-2147480296,MB5A
22,15790,-2147480371,JVRDT
22,15790,-2147482593,CATHLAB_E
22,15790,-2147482592,zzMB5B
22,15790,-2147482591,zzLD
22,15790,-2147482590,CATHLAB_E
22,15790,-2147482589,OR3
22,15790,-2147482588,zzMB3B
22,15790,-2147482587,zzCATHLAB_C
22,15790,-2147482586,zzRAD2
22,15790,-2147479339,ES-AY3
22,15790,-2147479338,SURGICENTE
22,15790,-2147479337,RR
22,15790,-2147479425,zzRAD2
22,15790,-2147479424,zzIVT
22,15790,-2147479423,OVF1
22,15790,-2147479422,JBCC2
22,15790,-2147479421,JBCC3
22,15790,-2147479420,JBCC4
22,15790,-2147479419,JBCC5
22,15790,-2147479418,JBCC1
22,15790,-2147479910,OR
22,15790,-2147479909,PURPLE
22,15790,-2147479908,RAD2
22,15790,-2147479907,PAIN_MGMNT
22,15790,-2147479906,ONC
22,15790,-2147479905,LD
22,15790,-2147479904,IVT
22,15790,-2147479965,A2MO
22,15790,-2147479964,ANES
22,15790,-2147479963,CATHLAB_D
22,15790,-2147479962,CAT
22,15790,-2147479961,CATHLAB_C
22,15790,-2147479960,CSICU
22,15790,-2147482561,OR9
22,15790,-2147482560,zzMB4A
22,15790,-2147482559,zzPURPLE
22,15790,-2147482558,CATHLAB
22,15790,-2147482557,CATHLAB_A
22,15790,-2147482556,zzMB6B
22,15790,-2147482555,OR15
22,15790,-2147482554,zzOB
22,15790,-2147482553,zzANES
22,15790,-2147482552, 
22,15790,-2147482551,OR2
22,15790,-2147482550,zzN3
22,15790,-2147482549,zzMB3A
22,15790,-2147482548,zzCATHLAB_D
22,15790,-2147482547,OR4
22,15790,-2147482546,zzBLUE
22,15790,-2147482545,OR1
22,15790,-2147482544,zzWS
22,15790,-2147482543,zzRADIOLOGY
22,15790,-2147482542,zzCATHLAB_B
22,15790,-2147482541,OR6
22,15790,-2147482540,zzGRN
22,15790,-2147482539,zzA2MO
22,15790,-2147482538,zzSURGICENTE
22,15790,-2147482585,OR8
22,15790,-2147482584,zzERT
22,15790,-2147482583,WS
22,15790,-2147482582,OR10
22,15790,-2147482581,zzMB3X
22,15790,-2147482580,zzYELLOW
22,15790,-2147482579,zzJVRDT
22,15790,-2147482578,ENDO
22,15790,-2147482577,zzMB5A
22,15790,-2147482576,OR12
22,15790,-2147482575,zzCSICU
22,15790,-2147482574,MSC
22,15790,-2147482573,OR-LD2
22,15790,-2147482572,zzN3A
22,15790,-2147482571,zzCAT
22,15790,-2147482570,ZZCATHRR
22,15790,-2147482569,OR5
22,15790,-2147482568,zzRED
22,15790,-2147482567,zzONC
22,15790,-2147482566,zzOR
22,15790,-2147482565,OR7
22,15790,-2147482564,zzICU
22,15790,-2147482563,zzMSOVF
22,15790,-2147482562,zzRR
3,13671,-2147456432,OLD-ED2
3,13671,-2147456433,OLD-ED1
3,13671,-2147456434,OLD-CCU
3,13671,-2147456435,OLD-CATH2
3,13671,-2147456436,OLD-CATH1
3,13671,-2147456437,OLD-4MNN2
3,13671,-2147456438,OLD-NIGHTLOCKER
3,13671,-2147456439,old-3MNN2
3,13671,-2147456440,OLD-3MNN1
3,13671,-2147456441,OLD-2MNN2
3,13671,-2147456442,OLD-2MNN1
3,13671,-2147456443,2HTUOLD
3,13671,-2147456444,2MNN4
3,13671,-2147456445,OLD-2MNN3
3,13671,-2147456446, 
3,13671,-2147442238,ZZPERFUSINST
3,13671,-2147442239,PACU
3,13671,-2147442240,OR_CORE
3,13671,-2147442241,OPPACUMAIN
3,13671,-2147452874,ANES_SSOR1
3,13671,-2147452875,ANES_MOR6
3,13671,-2147452876,ANES_MOR1
3,13671,-2147453285,Pyxis Link
3,13671,-2147456417,OLD-OPPACUMAIN
3,13671,-2147456418,OLD-CT_SCAN
3,13671,-2147456419,OLD-OR_CORE
3,13671,-2147456420,OLD-NucMed
3,13671,-2147456421,ICU2
3,13671,-2147456422,old-PACU
3,13671,-2147456423,OLD-OPPACU
3,13671,-2147456424,OBS
3,13671,-2147456425,NICU
3,13671,-2147456426,LD3
3,13671,-2147456427,LD2
3,13671,-2147456428,Perfusion
3,13671,-2147456429,OLD-ICU
3,13671,-2147456430,OLD-ENDO
3,13671,-2147456431,EDOVERFLOW
3,13671,-2147442262,ZZANES_SSOR2
3,13671,-2147442263,ZZANES_SSOR1
3,13671,-2147442264,ZZANES_MOR6
3,13671,-2147442265,ZZANES_MOR5
3,13671,-2147442266,ZZANES_MOR4
3,13671,-2147442267,ZZANES_MOR3
3,13671,-2147442268,ZZANES_MOR2
3,13671,-2147442269,ZZANES_MOR1
3,13671,-2147442270,ZZANES_CATH3
3,13671,-2147442271,CCU
3,13671,-2147442242,ZZOPPACU
3,13671,-2147442243,NucMed
3,13671,-2147442244,NIGHTLOCKER
3,13671,-2147442245,ZZICU2
3,13671,-2147442246,ICU
3,13671,-2147442247,ENDO
3,13671,-2147442248,ZZEDOVERFLOW
3,13671,-2147442249,ED2
3,13671,-2147442250,ED1
3,13671,-2147442251,CT_SCAN
3,13671,-2147442252,CATH2
3,13671,-2147442253,CATH1
3,13671,-2147442254,4MNN2
3,13671,-2147442255,3MNN2
3,13671,-2147442256,3MNN1
3,13671,-2147442257,ZZ2MNN4
3,13671,-2147442258,2MNN3
3,13671,-2147442259,2MNN2
3,13671,-2147442260,2MNN1
3,13671,-2147442261,2HTU
3,13671,-2147443154,ANES_CATH3
3,13671,-2147445214,OLD-2HTU
3,13671,-2147452624,ANES_SSOR2
3,13671,-2147452625,ANES_MOR5
3,13671,-2147452626,ANES_MOR4
3,13671,-2147452627,ANES_MOR3
3,13671,-2147452628,ANES_MOR2
24,10312,-2147438471,PSYCH-HOLD
24,10312,-2147438470,CSU
24,10312,-2147438469,ENDO
24,10312,-2147438468,CATH
24,10312,-2147438467,CATHLAB1
24,10312,-2147438466,CATHLAB2
24,10312,-2147438465,SW4
24,10312,-2147438464,LD
24,10312,-2147438463,NICU
24,10312,-2147438462,SW2
24,10312,-2147438461,SW2-B
24,10312,-2147438460,ET2
24,10312,-2147438459,ET3
24,10312,-2147438447,PACU
24,10312,-2147438446,ES-ET3-B
24,10312,-2147438441,OR
24,10312,-2147438241,ANES
24,10312,-2147438240,ANES1
24,10312,-2147438239,ANES2
24,10312,-2147438238,ANES3
24,10312,-2147438237,ANES4
24,10312,-2147438236,ANES5
24,10312,-2147438235,ANES6
24,10312,-2147438234,ANES7
24,10312,-2147438233,ANES8
24,10312,-2147438232,ANES9
24,10312,-2147438231,ANES10
24,10312,-2147436349,CPU
24,10312,-2147437102,L&D
24,10312,-2147437294,ET2-B
24,10312,-2147437373,pyxis
24,10312,-2147437372,CHINYERE
24,10312,-2147438601,Pyxis Link
24,10312,-2147438600, 
24,10312,-2147438524,ES-EW4
24,10312,-2147438523,DI
24,10312,-2147438522,EW3
24,10312,-2147438521,3N
24,10312,-2147438520,EW3-B
24,10312,-2147438519,ACC
24,10312,-2147438518,DI-CT
24,10312,-2147438517,EW4-B
24,10312,-2147438516,EW4
24,10312,-2147438497,EPLAB
24,10312,-2147438496,PREOP-HOLD
24,10312,-2147438495,ICU-A
24,10312,-2147438494,ICU-B
24,10312,-2147438493,EMR
24,10312,-2147438492,EMR-TRIAGE
24,10312,-2147438489,WW2
24,10312,-2147438488,ES-ET2
24,10312,-2147438473,NUCMED
24,10312,-2147438472,SW3
24,11603,-2147438646,MRP_ICU
24,11603,-2147438645,MRP_ORTHO
24,11603,-2147438644,MRP_PCU1
24,11603,-2147438643,MRP_PCU2
24,11603,-2147438642,MRP_ACC
24,11603,-2147438641,MRP_PACU
24,11603,-2147438640,MRP_ORCORE
24,11603,-2147438639,MRP_ED
24,11603,-2147438638,MRP_CATH1
24,11603,-2147438637,MRP_CATH2
24,11603,-2147438636,MRP_ANOR1
24,11603,-2147438635,MRP_ANOR2
24,11603,-2147438634,MRP_ANOR3
24,11603,-2147438633,MRP_ANOR4
24,11603,-2147438632,MRP_ANOR5
24,11603,-2147438631,MRP_ENDO1
24,11603,-2147438630,MRP_ENDO2
24,11603,-2147436563,MRP_OR-2
24,11603,-2147436562,MRP_ACC-2
24,11603,-2147436631,MRP_ANOR9
24,11603,-2147436630,MRP_ANOR10
24,11603,-2147436799,MRP_ANOR6
24,11603,-2147436798,MRP_ALPHA
24,11603,-2147438687,Pyxis Link
24,11603,-2147438686, 
24,11603,-2147438647,MRP_OVERNIGHT
21,16496,-2147482534,LDOR
21,16496,-2147482535,OB
21,16496,-2147482536,OR4
21,16496,-2147482537,OR3
21,16496,-2147482538,OR2
21,16496,-2147482539,OR1
21,16496,-2147482540,ENDO
21,16496,-2147482541,SBH
21,16496,-2147482542,PACU
21,16496,-2147482543,PREPOST
21,16496,-2147482544,ORCORE
21,16496,-2147482545,North (1-16)
21,16496,-2147482546,South Mini
21,16496,-2147482547,EXCISION
21,16496,-2147482548,ER
21,16496,-2147482549,EMS
21,16496,-2147482550,South (17-32)
21,16496,-2147482551,North Mini
21,16496,-2147482552,
21,16496,-2147482553,Pyxis Link
19,16257,-2147437062,OPCARD
19,16257,-2147437063,MABECT
19,16257,-2147437064,OR7
19,16257,-2147437065,OR6
19,16257,-2147437066,OR5
19,16257,-2147437067,OR4
19,16257,-2147437068,OR3
19,16257,-2147437069,OR2
19,16257,-2147437070,OR1
19,16257,-2147437071,MABOR3
19,16257,-2147437072,MABOR2
19,16257,-2147437073,MABOR1
19,16257,-2147437074,OBOR2
19,16257,-2147437075,OBOR1
19,16257,-2147437076,ENDO3
19,16257,-2147437077,ENDO2
19,16257,-2147437078,ENDO4
19,16257,-2147437106,4NB
19,16257,-2147437107,4NA
19,16257,-2147437108,5NB
19,16257,-2147437109,5NA
19,16257,-2147437110, 
19,16257,-2147437111,Pyxis Link
19,16257,-2147435902,OPWOU
19,16257,-2147435903,3EAST
19,16257,-2147437079,MCATHLAB
19,16257,-2147437080,SD
19,16257,-2147437081,PED
19,16257,-2147437082,PACU
19,16257,-2147437083,ORHOLD
19,16257,-2147437084,OPRAD
19,16257,-2147437085,MABSTAGE2
19,16257,-2147437086,OPINF
19,16257,-2147437087,2W
19,16257,-2147437088,OB
19,16257,-2147437089,O4EO
19,16257,-2147437090,MABREC
19,16257,-2147437091,ORCORE
19,16257,-2147437092,MABORCORE
19,16257,-2147437093,EDPEDS
19,16257,-2147437094,EDOBS
19,16257,-2147437095,EDINT
19,16257,-2147437096,EDFC
19,16257,-2147437097,ED
19,16257,-2147437098,CSSU
19,16257,-2147437099,CCU
19,16257,-2147437100,OPRAD
19,16257,-2147437101,3EON
19,16257,-2147437102,1S
19,16257,-2147437103,4E
19,16257,-2147437104,3NB
19,16257,-2147437105,3NA
1,14094,-2147441017,Pyxis Link
1,14094,-2147441016, 
1,14094,-2147440972,LWSPACU
1,14094,-2147440971,LWSOR
1,14094,-2147440970,LWS2WEST
1,14094,-2147440969,LWSICU
1,14094,-2147440968,LWSECU
1,14094,-2147440967,LWS2NORTH
1,14094,-2147440966,LWS2SOUTH
1,14094,-2147440965,LWS2WEST2
1,14094,-2147440964,LWSANES6
1,14094,-2147440963,LWSANES5
1,14094,-2147440962,LWSANES4
1,14094,-2147440961,LWSANES3
1,14094,-2147440960,LWSANES2
1,14094,-2147440959,LWSANESGI
1,14094,-2147440958,LWSGI
1,14094,-2147440957,CSECTION
1,14094,-2147440941,LWSANES7
1,14094,-2147439803,LWSANES1
1,14094,-2147439802,LWS OR1
1,11197,-2147452618,ZZOLD_AI_DPFOR2
1,11197,-2147452617,ZZOLD_DPF-PACU
1,11197,-2147452616,ZZOLD_DPF-ORCORE
1,11197,-2147447100,ZZOLD_GLEN-MILLS
1,11197,-2147446197,ZZOLD_MRI2
1,11197,-2147444718,ZZOLD_AI_PET-MRI
1,11197,-2147444717,ZZOLD_PET-MRI
1,11197,-2147441517,ZZOLD_SPR1
1,11197,-2147441516,ZZOLD_SPR2
1,11197,-2147439632,ZZOLD_AI_BRONCH
1,11197,-2147439245,ZZOLD_NICUNORTH
1,11197,-2147439244,ZZOLD_NICUNORTH1
1,11197,-2147439243,ZZOLD_NICUNORTH2
1,11197,-2147438994,ZZOLD_SterileRx
1,11197,-2147438318,TRAUMA2
1,11197,-2147438041,ADP
1,11197,-2147437946,CARDIACOR
1,11197,-2147476613,ZZOLD_PICU-B
1,11197,-2147476612,ZZOLD_2WEST-B
1,11197,-2147476611,ZZOLD_2WEST-C
1,11197,-2147476610,ZZOLD_PICU-A
1,11197,-2147476609,PICU-B
1,11197,-2147476608,ZZOLD_PICU-C
1,11197,-2147476607,ZZOLD_3WEST-A
1,11197,-2147476606,ZZOLD_3WEST-B
1,11197,-2147476605,ZZOLD_3WEST-C
1,11197,-2147476604,ZZOLD_3EAST-A
1,11197,-2147476603,ZZOLD_3EAST-B
1,11197,-2147476602,ZZOLD_3EAST-C
1,11197,-2147476601,ZZOLD_4WEST-A
1,11197,-2147476600,ZZOLD_4WEST-B
1,11197,-2147476599,ZZOLD_4WEST-C
1,11197,-2147476598,ZZOLD_TRIAGE
1,11197,-2147476597,ZZOLD_TRAUMA
1,11197,-2147476596,ZZOLD_EDZONE-E
1,11197,-2147476595,ZZOLD_EDZONE-CD
1,11197,-2147476594,EDZONE-A
1,11197,-2147476593,ZZOLD_2WEST-A
1,11197,-2147476592,ZZOLD_CICU
1,11197,-2147476591,ZZOLD_DIALYSIS
1,11197,-2147476590,DENTAL
1,11197,-2147437280,2WEST-B
1,11197,-2147437279,2WEST-C
1,11197,-2147437278,3EAST-A
1,11197,-2147437277,3EAST-B
1,11197,-2147437276,3EAST-C
1,11197,-2147437275,4WEST-A
1,11197,-2147437274,4WEST-B
1,11197,-2147437273,4WEST-C
1,11197,-2147437272,NICUNORTH
1,11197,-2147437271,NICUNORTH1
1,11197,-2147437270,ZZNEW_NICUNORTH2
1,11197,-2147437269,NICUSOUTH
1,11197,-2147437268,PICU-A
1,11197,-2147437267,PICU-B
1,11197,-2147437266,PICU-C
1,11197,-2147437293,4EAST-C
1,11197,-2147437292,4EAST-A
1,11197,-2147437291,4EAST-B
1,11197,-2147476619, 
1,11197,-2147476618,ZZOLD_4EAST-A
1,11197,-2147476617,ZZOLD_4EAST-B
1,11197,-2147476616,ZZOLD_4EAST-C
1,11197,-2147476615,ZZOLD_EDZONE-AB
1,11197,-2147476614,EDZONE-CE
1,11197,-2147471759,ZZOLD_AI_OR4
1,11197,-2147471758,ZZOLD_AI_OR5
1,11197,-2147471757,ZZOLD_AI_OR6
1,11197,-2147471756,ZZOLD_AI_OR7
1,11197,-2147471755,ZZOLD_AI_OR8
1,11197,-2147471754,ZZOLD_AI_OR9
1,11197,-2147471753,ZZOLD_AI_OR10
1,11197,-2147471752,ZZOLD_AI_OR11
1,11197,-2147471751,ZZOLD_AI_OR12
1,11197,-2147471750,ZZOLD_AI_MRIAS1
1,11197,-2147471749,ZZOLD_AI_MRIAS2
1,11197,-2147471748,ZZOLD_AI_SPR1
1,11197,-2147471747,ZZOLD_AI_SPR2
1,11197,-2147471746,ZZOLD_AI_ENDO1
1,11197,-2147471745,ZZOLD_AI_CATHAS1
1,11197,-2147471744,ZZOLD_AI_CATHAS2
1,11197,-2147471743,ZZOLD_AI_BMANES1
1,11197,-2147471742,AI_BMANES2
1,11197,-2147471268,ZZOLD_AI_IR-ANES
1,11197,-2147466484,ZZOLD_DENTAL
1,11197,-2147458744,ZZOLD_ANESWRKRM
1,11197,-2147453730,Pyxis Link
1,11197,-2147452620,ZZOLD_AI_DPFIND
1,11197,-2147452619,ZZOLD_AI_DPFOR1
1,11197,-2147476589,ORRX
1,11197,-2147476588,ZZOLD_CARDIACOP
1,11197,-2147476587,UTILITY
1,11197,-2147476586,ZZOLD_HEM-ONC
1,11197,-2147476296,ZZOLD_NICUSOUTH
1,11197,-2147476118,ZZOLD_CICU1
1,11197,-2147476049,ZZOLD_CICU2
1,11197,-2147476048,ZZOLD_CICU3
1,11197,-2147476047,ZZOLD_CICU4
1,11197,-2147476046,ZZOLD_2B
1,11197,-2147475780,ZZOLD_INT-RAD
1,11197,-2147475778,ZZOLD_DAYMED
1,11197,-2147475777,ZZOLD_MRI
1,11197,-2147475776,ZZOLD_IR-SUITE
1,11197,-2147475631,ZZOLD_PRE-SURG
1,11197,-2147475630,ZZOLD_PACUNORTH
1,11197,-2147475629,ZZOLD_PACUSOUTH
1,11197,-2147475628,ZZOLD_ORCOREA
1,11197,-2147475627,ZZOLD_ORCOREB
1,11197,-2147475626,ZZOLD_TRANSPORT
1,11197,-2147474350,ZZOLD_BMOR
1,11197,-2147474349,ZZOLD_BMPSPACU
1,11197,-2147471762,ZZOLD_AI_OR1
1,11197,-2147471761,ZZOLD_AI_OR2
1,11197,-2147471760,ZZOLD_AI_OR3
1,11197,-2147437211,AI_DPFIND
1,11197,-2147437210,AI_DPFOR1
1,11197,-2147437209,AI_DPFOR2
1,11197,-2147437208,AI_ENDO1
1,11197,-2147437207,AI_IR-ANES
1,11197,-2147437206,AI_MRIAS1
1,11197,-2147437205,AI_MRIAS2
1,11197,-2147437204,AI_OR1
1,11197,-2147437203,AI_OR10
1,11197,-2147437202,AI_OR11
1,11197,-2147437201,AI_OR12
1,11197,-2147437200,AI_OR2
1,11197,-2147437199,AI_OR3
1,11197,-2147437198,AI_OR4
1,11197,-2147437197,AI_OR5
1,11197,-2147437196,AI_OR6
1,11197,-2147437195,AI_OR8
1,11197,-2147437194,AI_OR9
1,11197,-2147437193,AI_PET-MRI
1,11197,-2147437192,AI_SPR1
1,11197,-2147437191,AI_SPR2
1,11197,-2147437190,AI_BMANES1
1,11197,-2147437221,AI_OR7
1,11197,-2147437265,2B
1,11197,-2147436447,DPF-RAD
1,11197,-2147436651,ED-CTSCAN
1,11197,-2147436650,FLUORO
1,11197,-2147437214,AI_BRONCH
1,11197,-2147437213,AI_CATHAS1
1,11197,-2147437212,AI_CATHAS2
1,11197,-2147437239,MRI2
1,11197,-2147437238,SPR1
1,11197,-2147437237,SPR2
1,11197,-2147437236,ORCOREA
1,11197,-2147437235,ORCOREB
1,11197,-2147437234,PACUNORTH
1,11197,-2147437233,PACUSOUTH
1,11197,-2147437232,PET-MRI
1,11197,-2147437231,PRE-SURG
1,11197,-2147437230,SterileRx
1,11197,-2147437229,TRANSPORT
1,11197,-2147437228,TRAUMA
1,11197,-2147437227,ZZNEW_TRAUMA2
1,11197,-2147437226,TRIAGE
1,11197,-2147437290,ZZNEW_4WEST-A
1,11197,-2147437289,ZZNEW_4WEST-B
1,11197,-2147437288,ZZNEW_4WEST-C
1,11197,-2147437287,ZZNEW_3EAST-A
1,11197,-2147437286,ZZNEW_3EAST-B
1,11197,-2147437285,ZZNEW_3EAST-C
1,11197,-2147437284,3WEST-A
1,11197,-2147437283,3WEST-B
1,11197,-2147437282,3WEST-C
1,11197,-2147437281,2WEST-A
1,11197,-2147437264,ZZNEW_ADP
1,11197,-2147437263,ANESWRKRM
1,11197,-2147437262,ZZNEW_
1,11197,-2147437261,BMOR
1,11197,-2147437260,BMPSPACU
1,11197,-2147437259,CARDIACOP
1,11197,-2147437258,ZZNEW_CARDIACOR
1,11197,-2147437257,CICU
1,11197,-2147437256,CICU1
1,11197,-2147437255,CICU2
1,11197,-2147437254,CICU3
1,11197,-2147437253,CICU4
1,11197,-2147437252,DAYMED
1,11197,-2147437251,DENTAL
1,11197,-2147437250,DIALYSIS
1,11197,-2147437249,DPF-ORCORE
1,11197,-2147437248,DPF-PACU
1,11197,-2147437247,EDZONE-AB
1,11197,-2147437246,EDZONE-CD
1,11197,-2147437245,EDZONE-E
1,11197,-2147437244,GLEN-MILLS
1,11197,-2147437243,HEM-ONC
1,11197,-2147437242,INT-RAD
1,11197,-2147437241,IR-SUITE
1,11197,-2147437240,MRI
4,13786,-2147450169,Pyxis Link
4,16339,-2147445567,5TH FLOOR
4,16339,-2147445568,3RD FLOOR
4,16339,-2147445569,2ND FLOOR
4,16339,-2147445570,5TH-FRONT
4,16339,-2147445571,5TH-BACK
4,16339,-2147445572,4-FRONT
4,16339,-2147445573,2-BACK
4,16339,-2147445574,3-FRONT
4,16339,-2147445575,3-BACK
4,16339,-2147445576,TEST_PAS
4,16339,-2147445577,TEST_MED
4,16339,-2147445578,
4,16339,-2147445579,Pyxis Link
4,13786,-2147445836,CORE-SSC
4,13786,-2147450145,zzPurge-Sawgrass
4,13786,-2147450146,PRO-2SSC
4,13786,-2147450147,PRO-1SSC
4,13786,-2147450148,OR-9SSC
4,13786,-2147450149,OR-8SSC
4,13786,-2147450150,OR-7SSC
4,13786,-2147450151,OR-6SSC
4,13786,-2147450168, 
4,13786,-2147450167,GI-3
4,13786,-2147450166,PRO-3SSC
4,13786,-2147450165,GI-1
4,13786,-2147450164,GI-4
4,13786,-2147450163,GREEN
4,13786,-2147450162,BLUE
4,13786,-2147450161,ORANGE
4,13786,-2147450160,GI-2
4,13786,-2147450159,PACU-SSC
4,13786,-2147450158,PTC-SSC
4,13786,-2147450157,OR-10SSC
4,13786,-2147450156,OR-1SSC
4,13786,-2147450155,OR-2SSC
4,13786,-2147450154,OR-3SSC
4,13786,-2147450153,OR-4SSC
4,13786,-2147450152,OR-5SSC
4,10163,-2147471172,TJ3WEST-1
4,10163,-2147471173,TJ3NW
4,10163,-2147471174,TJ3N-E
4,10163,-2147471175,TJ3G-MRI
4,10163,-2147471176,TJ3G-FLUO
4,10163,-2147471177,TJ3G-CT2
4,10163,-2147471178,TJ3G-CT1
4,10163,-2147471179,TJ3EAST
4,10163,-2147471180,TJ3CENTER
4,10163,-2147471181,TJ5GIB-OR2
4,10163,-2147471182,TJ14THOM
4,10163,-2147471183,TJ13THOM
4,10163,-2147471184,TJ13PAV2
4,10163,-2147471185,TJ13PAV
4,10163,-2147471186,TJ12THOM
4,10163,-2147471187,TJED-OVRFL
4,10163,-2147471188,TJ12PAV
4,10163,-2147471189,TJ11PAV
4,10163,-2147471190,TJ10THOM
4,10163,-2147471191,TJ10PAV2
4,10163,-2147471192,TJ10PAV
4,10163,-2147471193,TJ3NC
4,10163,-2147471194, 
4,10163,-2147445783,TJ2290-IV
4,10163,-2147445784,TJ2290-iv
4,10163,-2147445782,TJ2290-IV
4,10163,-2147445758,TJTRAV-4
4,10163,-2147445759,TJTRAV-3
4,10163,-2147445760,TJTRAV-2
4,10163,-2147445761,TJTRAV-1
4,10163,-2147445757,TJTRAV-1
4,10163,-2147471139,TJ9NC
4,10163,-2147471140,TJ9EAST
4,10163,-2147471141,TJ9DCP-PAV
4,10163,-2147471142,TJ9CENTER
4,10163,-2147471143,TJ7WEST
4,10163,-2147471144,TJ3ULTRA_2drawer
4,10163,-2147471145,TJ7PAV-OR
4,10163,-2147471146,TJ7NW
4,10163,-2147471147,TJ7NORTH
4,10163,-2147471148,TJ7NE
4,10163,-2147471149,TJ7NC
4,10163,-2147471150,TJ7GIB-OR2
4,10163,-2147471151,TJ7GIB-OR
4,10163,-2147471152,TJ7GIB-ABX
4,10163,-2147471153,TJ7EAST
4,10163,-2147471154,TJ7CENTER
4,10163,-2147471171,TJ3XRAY
4,10163,-2147471170,TJ-JSCOAT
4,10163,-2147471169,TJ4NW
4,10163,-2147471168,TJ4WEST
4,10163,-2147471167,TJCVIR-1
4,10163,-2147471166,TJCVIR-2
4,10163,-2147471165,TJCVIR-3
4,10163,-2147471164,TJCVIR-4
4,10163,-2147471163,TJ5CENTER
4,10163,-2147471162,TJPACU5PAV
4,10163,-2147471161,TJ5GIB-ABX
4,10163,-2147471160,TJ5GIB-OR
4,10163,-2147471159,TJ5NW
4,10163,-2147471158,TJ5PAV-ABX
4,10163,-2147471157,TJ5PAV-OR
4,10163,-2147471156,TJ5THOM-OR
4,10163,-2147471155,TJ5WEST
4,10163,-2147445657,TJTRAV-5
4,10163,-2147445561,TJCATHHOLD-new
4,10163,-2147445196,TJ3THOM-2
4,10163,-2147445187,TJ9NW2
4,10163,-2147445186,TJ9NW2
4,10163,-2147445185,tj9
4,10163,-2147445182,TJ9NW2
4,10163,-2147445183,TJNW2
4,10163,-2147445184,TJ9W2
4,10163,-2147471041,TJDR-2
4,10163,-2147471042,TJDR-1
4,10163,-2147471043,TJBLOCK3
4,10163,-2147471044,TJBLOCK2
4,10163,-2147471045,TJBLOCK1
4,10163,-2147471046,TJ7GIB-45
4,10163,-2147471047,TJ7GIB-44
4,10163,-2147471048,TJ7GIB-43
4,10163,-2147471049,TJ7GIB-42
4,10163,-2147471050,TJ7GIB-41
4,10163,-2147471051,TJ7GIB-40
4,10163,-2147471052,TJ7GIB-39
4,10163,-2147471053,TJ7GIB-38
4,10163,-2147471054,TJ7GIB-37
4,10163,-2147471055,TJ7GIB-36
4,10163,-2147471056,TJ7GIB-35
4,10163,-2147471057,TJ7GIB-34
4,10163,-2147471058,TJ7GIB-33
4,10163,-2147471059,TJ7GIB-32
4,10163,-2147471060,TJ7GIB-31
4,10163,-2147471061,TJ7GIB-30
4,10163,-2147471062,TJGIB-BKUP
4,10163,-2147471063,TJ5PAV-8
4,10163,-2147471064,TJ5PAV-7
4,10163,-2147471065,TJ5PAV-6
4,10163,-2147471066,TJ5PAV-5
4,10163,-2147471067,TJ5PAV-4
4,10163,-2147471068,TJ5PAV-3
4,10163,-2147471069,TJ5PAV-2
4,10163,-2147471070,TJ5PAV-1
4,10163,-2147471071,TJ5GIB-25
4,10163,-2147471072,TJ5GIB-24
4,10163,-2147446822,TJ9EAST-2
4,10163,-2147446823,TJ3ULTRA
4,10163,-2147449373,TJURO-15
4,10163,-2147449374,TJURO-15_ES
4,10163,-2147453795,Pyxis Link
4,10163,-2147470429,TJED-MAIN
4,10163,-2147470882,JHN-RHEUM
4,10163,-2147471014,TJ5PAV-OR2
4,10163,-2147471016,JHN-COBULT
4,10163,-2147471017,JHN-COBMRI
4,10163,-2147471018,TJURO-16
4,10163,-2147471019,TJURO-15_ESx
4,10163,-2147471020,TJURO-14
4,10163,-2147471021,TJSIMLAB
4,10163,-2147471022,TJJSC-98
4,10163,-2147471023,TJJSC-97
4,10163,-2147471040,TJENDO-89
4,10163,-2147471039,TJENDO-90
4,10163,-2147471038,TJENDO-91
4,10163,-2147471037,TJENDO-92
4,10163,-2147471036,TJCATH-ANS
4,10163,-2147471035,TJENDO-94
4,10163,-2147471034,TJEP-ANS1
4,10163,-2147471033,TJEP-ANS2
4,10163,-2147471032,TJEP-ANS3
4,10163,-2147471031,TJER-OR
4,10163,-2147471030,TJIEU-1
4,10163,-2147471029,TJIEU-2
4,10163,-2147471028,TJIEU-3
4,10163,-2147471027,TJIEU-4
4,10163,-2147471026,TJIEU-5
4,10163,-2147471025,TJJSC-95
4,10163,-2147471024,TJJSC-96
4,10163,-2147471106,TJ-JSLANS
4,10163,-2147471107,TJ-JSSEW
4,10163,-2147471108,TJCVIR
4,10163,-2147471109,TJED-MAIN2
4,10163,-2147471110,TJED-MAIN_ESold
4,10163,-2147471111,TJED-CT
4,10163,-2147471112,TJED-CRASH
4,10163,-2147471113,TJDR
4,10163,-2147471114,TJ4NE
4,10163,-2147471115,TJ4EAST
4,10163,-2147471116,TJNOVA_OLD
4,10163,-2147471117,TJCHEMO2
4,10163,-2147471118,TJ2290
4,10163,-2147471119,TJCHEMO
4,10163,-2147471120,TJCATHHOLD
4,10163,-2147471121,TJCATH3
4,10163,-2147471138,TJ9NE
4,10163,-2147471137,TJ9NW
4,10163,-2147471136,TJ9PAV
4,10163,-2147471135,TJ9PAV2
4,10163,-2147471134,TJ9THOM
4,10163,-2147471133,TJ9WEST
4,10163,-2147471132,TJADU
4,10163,-2147471131,TJ14PAV
4,10163,-2147471130,TJBOD-CT
4,10163,-2147471129,TJBOD-ONC
4,10163,-2147471128,TJBODINE
4,10163,-2147471127,TJBRONCH
4,10163,-2147471126,TJBRYNMAWR_OLD
4,10163,-2147471125,TJCARDIAC1_old
4,10163,-2147471124,TJCATH4
4,10163,-2147471123,TJCATH2
4,10163,-2147471122,TJCATH1
4,10163,-2147471073,TJ5GIB-23
4,10163,-2147471074,TJ5GIB-22
4,10163,-2147471075,TJ5GIB-21
4,10163,-2147471076,TJ5CENTER2
4,10163,-2147471077,TJ5NE-2
4,10163,-2147471078,TJVASC
4,10163,-2147471079,TJSTRESS
4,10163,-2147471080,TJSPU2
4,10163,-2147471081,TJSPU
4,10163,-2147471082,TJSIMLAB_ES
4,10163,-2147471083,TJ7EAST2
4,10163,-2147471084,TJ7SE
4,10163,-2147471085,TJSICKLE
4,10163,-2147471086,TJ3EAST-2
4,10163,-2147471087,TJ3THOM
4,10163,-2147471088,TJPULMNRY_ES
4,10163,-2147471105,TJENDO
4,10163,-2147471104,TJEP-LAB2
4,10163,-2147471103,TJEPLAB1
4,10163,-2147471102,TJ5NE
4,10163,-2147471101,TJICN
4,10163,-2147471100,TJIEU
4,10163,-2147471099,TJ-JSAMER
4,10163,-2147471098,TJJSC
4,10163,-2147471097,TJ5EAST
4,10163,-2147471096,TJ5SE
4,10163,-2147471095,TJMOB-BIC
4,10163,-2147471094,TJ3SE
4,10163,-2147471093,TJ9SE-2
4,10163,-2147471092,TJ9SE
4,10163,-2147471091,TJNUCMED
4,10163,-2147471090,TJPACU-5T
4,10163,-2147471089,TJPACU7
2,10767,-2147445063,ORL01IP
2,10767,-2147445064,ORL3SB
2,10767,-2147445065,zzORLWT3OB
2,10767,-2147445066,ORLEDCT
2,10767,-2147445067,ORLWT11A
2,10767,-2147445068,ORLGT12S
2,10767,-2147445069,ORL9TWRA
2,10767,-2147445070,ORLRDU1
2,10767,-2147445071,ORLEPSLP2
2,10767,-2147445072,AHC5SA
2,10767,-2147445073,ORLOR2ANES
2,10767,-2147445074,ORLWT12B
2,10767,-2147445075,ORLWT3R
2,10767,-2147445076,ORLKSC1
2,10767,-2147445077,ORL3WTW
2,10767,-2147445078,ORLEPS7
2,10767,-2147445079,ORLCATHLP1
2,10767,-2147445080,ORL1W
2,10767,-2147445081,ORLGT11S
2,10767,-2147445044,ORLEDCT
2,10767,-2147445045,AMBAIC4
2,10767,-2147445046,AHC6TWR
2,10767,-2147445047,ORLPACU2
2,10767,-2147445048,ORLRXOR
2,10767,-2147445049,ORLECHO
2,10767,-2147445050,ORL3EB
2,10767,-2147445051,ORLW1NMA
2,10767,-2147445052,ORLGT14S
2,10767,-2147445053,ORLRXIV
2,10767,-2147445054,ORLWT7B
2,10767,-2147445055,ORLRESP
2,10767,-2147445056,ORLGT11N
2,10767,-2147445057,ORLEDYELLO
2,10767,-2147445058,ORLCATH15
2,10767,-2147445059,ORLEDPINK
2,10767,-2147445060,ORLOR2REC
2,10767,-2147445061,AHC6S
2,10767,-2147445062,ORLRXCVS
2,10767,-2147445101,ORLG3MRI
2,10767,-2147445102,ORL8TWRB
2,10767,-2147445082,ORLPETSCAN
2,10767,-2147445083,AHC7S
2,10767,-2147445084,ORLEPS8
2,10767,-2147445085,ORLOR1A
2,10767,-2147445086,AHCCATH
2,10767,-2147445087,ORLWT12A
2,10767,-2147445088,ORL2EB
2,10767,-2147445089,ORLHSC
2,10767,-2147445090,ORLWT10B
2,10767,-2147445091,ORLGT9N
2,10767,-2147445092,ORLEDORANG
2,10767,-2147445093,ORL01IP
2,10767,-2147445094,ORLGT6S
2,10767,-2147445095,AHCPDCV
2,10767,-2147445096,ORLENDO3A
2,10767,-2147445097,ORLOPANES
2,10767,-2147445098,ORL3WA
2,10767,-2147445099,ORLCATH2
2,10767,-2147445100,ORL2EA
2,10767,-2147444987,AHC5WTW
2,10767,-2147444988,ORLENDO2
2,10767,-2147444989,ORLWT1T
2,10767,-2147444990,ORLWT2ORC
2,10767,-2147444991,ORLCATH1
2,10767,-2147444992,ORL2EB
2,10767,-2147444993,ORL2NW
2,10767,-2147444994,ORLG3HLD
2,10767,-2147444995,ORLRDU2
2,10767,-2147444996,ORL8TWRA
2,10767,-2147444997,ORLED47
2,10767,-2147444998,AHC5SB
2,10767,-2147444999,ORLOR2C
2,10767,-2147445000,ORLCT3
2,10767,-2147445001,ORL3SA
2,10767,-2147445002,ORLRXNF
2,10767,-2147445003,ORLEDORANG
2,10767,-2147445004,ORLANGIO
2,10767,-2147445005,ORLGT12N
2,10767,-2147444968,ORLO2CVA
2,10767,-2147444969,ORL4IOCB
2,10767,-2147444970,ORLGT9S
2,10767,-2147444971,ORLDCC
2,10767,-2147444972,ORLRXGT11
2,10767,-2147444973,AHCRXPED
2,10767,-2147444974,ORL7TWRB
2,10767,-2147444975,ORLENDO3B
2,10767,-2147444976,ORL3WB
2,10767,-2147444977,ORLOPREC
2,10767,-2147444978,ORL2EA
2,10767,-2147444979,ORLCATH6
2,10767,-2147444980,ORLG3RC
2,10767,-2147444981,ORL2EA
2,10767,-2147444982,ORLGT8N
2,10767,-2147444983, 
2,10767,-2147444984,ORLWT10A
2,10767,-2147444985,ORLEDPED
2,10767,-2147444986,ORLGT6N
2,10767,-2147445025,ORLGT4N
2,10767,-2147445026,ORLOR1D
2,10767,-2147445027,ORLWT11C
2,10767,-2147445028,ORLG2CP
2,10767,-2147445029,xxORLHBO
2,10767,-2147445030,ORLO2CVB
2,10767,-2147445031,ORLWT12B
2,10767,-2147445032,ORLSTRESS
2,10767,-2147445033,AMBAIC8S
2,10767,-2147445034,ORLGT10S
2,10767,-2147445035,ORLWT6B
2,10767,-2147445036,ORLOPMRI
2,10767,-2147445037,ORL4SA
2,10767,-2147445038,ORLCATH4
2,10767,-2147445039,ORLWT12C
2,10767,-2147445040,ORL2NA
2,10767,-2147445041,ORLG3SUB
2,10767,-2147445042,ORLTSPC
2,10767,-2147445043,ORLGT8S
2,10767,-2147445006,ORLRIO1
2,10767,-2147445007,ORLGT7N
2,10767,-2147445008,ORLRADON
2,10767,-2147445009,ORLEPS12
2,10767,-2147445010,ORLOR1B
2,10767,-2147445011,AHC5ETW
2,10767,-2147445012,ORLCATHLP1
2,10767,-2147445013,ORLOR1PEDH
2,10767,-2147445014,ORLGT5N
2,10767,-2147445015,ORLWT3A
2,10767,-2147445016,AHCORHOLD
2,10767,-2147445017,ORL3ETW
2,10767,-2147445018,ORLEMS
2,10767,-2147445019,ORLGT14N
2,10767,-2147445020,ORLANES3
2,10767,-2147445021,ORLW1NMB
2,10767,-2147445022,AHCPOPS2
2,10767,-2147445023,ORLGT7S
2,10767,-2147445024,ORLEPS10
2,10767,-2147438049,ORLOR2A37
2,10767,-2147436922,ORLWT9B
2,10767,-2147436812,ES-CFDCOVID13
2,10767,-2147436813,ES-CFDCOVID12
2,10767,-2147436814,ORLCOVID11
2,10767,-2147436815,ES-CFDCOVID10
2,10767,-2147436816,ES-CFDCOVID9
2,10767,-2147436817,ES-CFDCOVID8
2,10767,-2147436818,ES-CFDCOVID7
2,10767,-2147436819,ES-CFDCOVID6
2,10767,-2147436820,ES-CFDCOVID5
2,10767,-2147438667,ORLOPORA1
2,10767,-2147438668,ORLKSCA4
2,10767,-2147438669,ORLKSCA3
2,10767,-2147438670,ORLKSCA2
2,10767,-2147438671,ORLWT2FCPR
2,10767,-2147438672,ORLEND3A5
2,10767,-2147438673,ORLEND3A3
2,10767,-2147438674,ORLEND3A2
2,10767,-2147438675,ORLEND3A1
2,10767,-2147438676,ORLEND1A4
2,10767,-2147438677,ORLENDOAN3
2,10767,-2147438678,ORLEND1A2
2,10767,-2147438679,ORLEND1A1
2,10767,-2147438680,ORLEND2A4
2,10767,-2147438681,ORLEND2A3
2,10767,-2147438682,ORLEND2A2
2,10767,-2147438683,ORLEND3A6
2,10767,-2147436363,ORLCOVO
2,10767,-2147436364,ORLCOVO
2,10767,-2147436343,ORLINRA14
2,10767,-2147436254,ORLEDRED2
2,10767,-2147436255,ORLEDRED1
2,10767,-2147436256,ORLEDRESUS
2,10767,-2147436231,AHCRXPOPS
2,10767,-2147436228,ORLANGIOA3
2,10767,-2147436229,ORLANGIOA2
2,10767,-2147436230,AHCPACU
2,10767,-2147436161,ORLG3OR2
2,10767,-2147436159,ORLANGIOA4
2,10767,-2147436821,ES-CFDCOVID4
2,10767,-2147436822,ES-CFDCOVID3
2,10767,-2147436823,ES-CFDCOVID2
2,10767,-2147436824,ES-CFDCOVID1
2,10767,-2147436807,ORLWT8C
2,10767,-2147436808,ORLWT8B
2,10767,-2147436809,ORLWT8A
2,10767,-2147436810,ORLWT9C
2,10767,-2147436802,ES-CFDCOVID17
2,10767,-2147436803,ES-CFDCOVID16
2,10767,-2147436804,ES-CFDCOVID15
2,10767,-2147436805,ES-CFDCOVID14
2,10767,-2147436777,ORLEPS7
2,10767,-2147436778,ORLEPSAN7
2,10767,-2147436414,ORLINRA16
2,10767,-2147436415,ORLINRA14
2,10767,-2147436412,ORLINR16
2,10767,-2147436413,ORLINR14
2,10767,-2147436367,AHCEMS
2,10767,-2147438452,ORLG3ORMRI
2,10767,-2147438458,ORLEND2A1
2,10767,-2147438460,ORLBRACH
2,10767,-2147438612,AHCOR1A4
2,10767,-2147438613,AHCOR1A3
2,10767,-2147438614,AHCOR1A2
2,10767,-2147438615,AHCOR1A1
2,10767,-2147438616,ORLOR1A26
2,10767,-2147438617,ORLOR1A25
2,10767,-2147438618,ORLOR1A24
2,10767,-2147438619,ORLOR1A23
2,10767,-2147438620,ORLOR1A22
2,10767,-2147438621,ORLOR1A21
2,10767,-2147438622,ORLOR1A20
2,10767,-2147438623,ORLOR1A19
2,10767,-2147438624,ORLOR1A18
2,10767,-2147438625,ORLOR1A17
2,10767,-2147438626,ORLOR1A16
2,10767,-2147438627,ORLOR1A15
2,10767,-2147438405,ORLOPECT
2,10767,-2147438424,ORLNUCA1
2,10767,-2147438425,ORLWT3A2
2,10767,-2147438426,ORLWT3A1
2,10767,-2147438427,ORLBRACHA1
2,10767,-2147438428,ORLMEGA1
2,10767,-2147438429,ORLWT3A3
2,10767,-2147438430,ORLPETA1
2,10767,-2147438443,ORLWT2A10
2,10767,-2147438444,ORLWT2A9
2,10767,-2147438445,ORLWT2A8
2,10767,-2147438446,ORLWT2A7
2,10767,-2147438447,ORLWT2A6
2,10767,-2147438448,ORLWT2A5
2,10767,-2147438449,ORLWT2A4
2,10767,-2147438450,ORLG3OR
2,10767,-2147438451,ORLOPANEST
2,10767,-2147438648,AHCPOPS1A1
2,10767,-2147438649,ORLCATHA4
2,10767,-2147438650,AHCPOPS2A2
2,10767,-2147438651,ORLCATHA2
2,10767,-2147438652,ORLTILTA1
2,10767,-2147438653,ORLG3A8
2,10767,-2147438654,ORLG3A7
2,10767,-2147438655,ORLG3A6
2,10767,-2147438656,ORLG3A5
2,10767,-2147438657,ORLG3A4
2,10767,-2147438658,ORLG3A3
2,10767,-2147438659,ORLFCCAN1
2,10767,-2147438660,ORLOPORA8
2,10767,-2147438661,ORLOPORA7
2,10767,-2147438662,ORLOPORA6
2,10767,-2147438663,ORLOPORA5
2,10767,-2147438664,ORLOPORA4
2,10767,-2147438665,ORLOPORA3
2,10767,-2147438666,ORLOPORA2
2,10767,-2147438628,ORLOR1A14
2,10767,-2147438629,ORLOR1A12
2,10767,-2147438630,ORLOR1A11
2,10767,-2147438631,ORLOR1A10
2,10767,-2147438632,ORLOR1A9
2,10767,-2147438633,ORLOR1A8
2,10767,-2147438634,ORLOR2A38
2,10767,-2147438635,ORLOR2AN37
2,10767,-2147438636,ORLOR2A36
2,10767,-2147438637,ORLOR2A35
2,10767,-2147438638,ORLOR2A34
2,10767,-2147438639,AHCOR2A32
2,10767,-2147438640,AHCOR2A31
2,10767,-2147438641,ORLOR2A30
2,10767,-2147438642,ORLEPSA12
2,10767,-2147438643,ORLEPSA11
2,10767,-2147438644,ORLEPSA10
2,10767,-2147438645,ORLEPSA9
2,10767,-2147438646,ORLEPSA7
2,10767,-2147438647,ORLCATHA6
2,10754,-2147441119,5Y2
2,10754,-2147441120,5Y1
2,10754,-2147441121,PHMC2B
2,10754,-2147441122,5WT2
2,10754,-2147441123,5WT
2,10754,-2147441124,5TB
2,10754,-2147441125,5TA
2,10754,-2147441126,5SO-SMI
2,10754,-2147441127,5RB
2,10754,-2147441128,5RA
2,10754,-2147441129,5NW
2,10754,-2147441130,5ED
2,10754,-2147441131,5EC
2,10754,-2147441132,5EB
2,10754,-2147441133,5EA
2,10754,-2147441134,4Y-RR
2,10754,-2147441135,4Y-OR3
2,10754,-2147441136,4Y-OR2
2,10754,-2147441137,4Y-OR1
2,10754,-2147441100,8ET2
2,10754,-2147441101,8ET1
2,10754,-2147441102,7YC
2,10754,-2147441103,7YB
2,10754,-2147441104,7YA
2,10754,-2147441105,7WT2
2,10754,-2147441106,7WT
2,10754,-2147441107,7TB
2,10754,-2147441108,9WT2
2,10754,-2147441109,6YN
2,10754,-2147441110,6YB
2,10754,-2147441111,6YA
2,10754,-2147441112,6WT2
2,10754,-2147441113,6WT
2,10754,-2147441114,6TB
2,10754,-2147441115,6TA
2,10754,-2147441116,6CC-HEMO
2,10754,-2147441117,UIR-SUITE
2,10754,-2147441118,5Y3
2,10754,-2147441157,1EB
2,10754,-2147441158,ES-1EA
2,10754,-2147441239,4EA
2,10754,-2147443008,A-Endo-1
2,10754,-2147443009,A-RAD-3
2,10754,-2147443010,A-RAD-2
2,10754,-2147443011,A-RAD-1
2,10754,-2147443012,A-OR-24
2,10754,-2147443013,A-OR-23
2,10754,-2147443014,A-OR-22
2,10754,-2147443015,A-OR-21
2,10754,-2147443016,A-OR-20
2,10754,-2147443017,A-OR-19
2,10754,-2147443018,A-OR-18
2,10754,-2147443019,A-OR-17
2,10754,-2147443020,A-OR-16
2,10754,-2147443021,A-OR-15
2,10754,-2147443022,A-OR-14
2,10754,-2147443023,A-OR-12b
2,10754,-2147441138,4YA
2,10754,-2147441139,CCL-TEE
2,10754,-2147441140,PHMHAZ
2,10754,-2147441141,4RR
2,10754,-2147441142,4RB
2,10754,-2147441143,4RA
2,10754,-2147441144,4POS
2,10754,-2147441145,4OR
2,10754,-2147441146,4NW
2,10754,-2147441147,4EC
2,10754,-2147441148,4EB
2,10754,-2147441149,3NW
2,10754,-2147441150,2WT-CWH
2,10754,-2147441151,1EH
2,10754,-2147441152,1EG
2,10754,-2147441153,1EF
2,10754,-2147441154,1EE
2,10754,-2147441155,1ED
2,10754,-2147441156,1EC
2,10754,-2147441043,6YC
2,10754,-2147441044,UIR-NrsStn
2,10754,-2147441045,4RR-OF
2,10754,-2147441046,NR1
2,10754,-2147441047,NMR
2,10754,-2147441048,NA9
2,10754,-2147441049,NA15
2,10754,-2147441050,NA14
2,10754,-2147441051,NA12
2,10754,-2147441052,XWT2
2,10754,-2147441053,XWT
2,10754,-2147441054,TRAUMA-1
2,10754,-2147441055,RR2
2,10754,-2147441056,RR1
2,10754,-2147441057,RADSPC3
2,10754,-2147441058,RADSPC2
2,10754,-2147441059,RADSPC1
2,10754,-2147441060,RADCAT
2,10754,-2147441061,RAD-PRE
2,10754,-2147438269,10ET2
2,10754,-2147438270,10ET1
2,10754,-2147438903,A-Endo-5
2,10754,-2147439370,EPS-1
2,10754,-2147440102,1EA
2,10754,-2147441039,PHMIV
2,10754,-2147441040,7TA
2,10754,-2147441041,UIR-PET-CT
2,10754,-2147441042,ENDO-OF
2,10754,-2147441081,CCL-1
2,10754,-2147441082,CAPE-RR
2,10754,-2147441083,CAPE-PREOP
2,10754,-2147441084,CAPE-OR
2,10754,-2147441085,BRONCHO
2,10754,-2147441086,B1W
2,10754,-2147441087,B1E
2,10754,-2147441088,B1C
2,10754,-2147441089,9YC
2,10754,-2147441090,9YB
2,10754,-2147441091,9YA
2,10754,-2147441092,9WT
2,10754,-2147441093,9ET2
2,10754,-2147441094,9ET1
2,10754,-2147441095,8YC
2,10754,-2147441096,8YB
2,10754,-2147441097,8YA
2,10754,-2147441098,8WT2
2,10754,-2147441099,8WT
2,10754,-2147441062,RAD-LIGHT
2,10754,-2147441063,POS-2
2,10754,-2147441064,POS-1
2,10754,-2147441065,OR-NIGHT
2,10754,-2147441066,RR3
2,10754,-2147441067,RADMRI
2,10754,-2147441068,OR22
2,10754,-2147441069,PHMOR
2,10754,-2147441070,EPS-2
2,10754,-2147441071,ES-EPS-1
2,10754,-2147441072,ENDO-MAIN
2,10754,-2147441073,BAY-OP
2,10754,-2147441074,ENDO-3
2,10754,-2147441075,ENDO-2
2,10754,-2147441076,CVD-STRESS
2,10754,-2147441077,CCL-RR
2,10754,-2147441078,EPS-3
2,10754,-2147441079,CCL-3
2,10754,-2147441080,CCL-2
2,10767,-2147444446,AHCWT4A
2,10767,-2147444447,ORLWT2ORA
2,10767,-2147444448,ORLWT2ORB
2,10767,-2147444449,ORLWT2HLD
2,10767,-2147444450,ORLWT2REC
2,10767,-2147444451,ORLRXWT2
2,10767,-2147444768,CHIRXPOPS
2,10767,-2147444918,Pyxis Link
2,10767,-2147444919,ORLGAMMA
2,10767,-2147444920,ORLWT12A
2,10767,-2147444921,ORLWT11B
2,10767,-2147444922,AMBAIC8N
2,10767,-2147444923,ORLGT10N
2,10767,-2147444924,ORLPAIN
2,10767,-2147444925,ORLWT6A
2,10767,-2147444926,ORLENDO
2,10767,-2147444927,ORLO3CVB
2,10767,-2147444928,ORLOPHLD
2,10767,-2147444929,ORL9TWRB
2,10767,-2147438799,ORLWT2A3
2,10767,-2147438800,ORLWT2A2
2,10767,-2147438801,ORLWT2A1
2,10767,-2147438898,ORLXTWRB
2,10767,-2147438899,ORLXTWRA
2,10767,-2147439220,ORLO2CVD
2,10767,-2147439292,ORLSUPPLY2
2,10767,-2147439298,ORLSUPPLY2new
2,10767,-2147441601,ORLSUPPLY2
2,10767,-2147441602,ORLSUPPLY1
2,10767,-2147442899,ORLCATHHLD
2,10767,-2147442900,ORLCT3HLD
2,10767,-2147442901,ORLULTSND
2,10767,-2147443229,ORL2M
2,10767,-2147443230,ORLO2CVD
2,10767,-2147444442,AHCRXWT4
2,10767,-2147444443,AHCWT5B
2,10767,-2147444444,AHCWT5A
2,10767,-2147444445,AHCWT4B
2,10767,-2147444949,ORLGT4S
2,10767,-2147444950,CHIOR1PEDA
2,10767,-2147444951,ORLWT3C
2,10767,-2147444952,ORLHBO
2,10767,-2147444953,ORLO2CVC
2,10767,-2147444954,ORL0ILC
2,10767,-2147444955,ORLGT11N
2,10767,-2147444956,ORLANES2
2,10767,-2147444957,ORLGT11N
2,10767,-2147444958,ORLW1NMA
2,10767,-2147444959,ORL7TWRA
2,10767,-2147444960,AHCPOPS1
2,10767,-2147444961,ORLEPS9
2,10767,-2147444962,ORLOPOR
2,10767,-2147444963,ORL4SB
2,10767,-2147444964,ORLCATH5
2,10767,-2147444965,ORLWT10A
2,10767,-2147444966,ORL2NB
2,10767,-2147444967,ORLWT12B
2,10767,-2147444930,ORLCATH3
2,10767,-2147444931,ORLG3ANES
2,10767,-2147444932,ORLWT9A
2,10767,-2147444933,AHCW7NB
2,10767,-2147444934,ORLCATH8
2,10767,-2147444935,ORLEDGREEN
2,10767,-2147444936,ORLGT5S
2,10767,-2147444937,ORLPACU1
2,10767,-2147444938,ORLWT10C
2,10767,-2147444939,ORLDC01
2,10767,-2147444940,ORLRMCT
2,10767,-2147444941,ORL3EA
2,10767,-2147444942,ORLANGI4
2,10767,-2147444943,AHCED
2,10767,-2147444944,ORL1NW
2,10767,-2147444945,ORLGT14N
2,10767,-2147444946,ORLRAD
2,10767,-2147444947,ORLWT7A
2,10767,-2147444948,ORLEPS11
2,10754,-2147443043,A-OR-10
2,10754,-2147443044,A-OR-09
2,10754,-2147443045,A-OR-08
2,10754,-2147443046,A-OR-07
2,10754,-2147443047,A-OR-06
2,10754,-2147443048,A-OR-05
2,10754,-2147443049,A-OR-04
2,10754,-2147443050,A-OR-03
2,10754,-2147443051,A-OR-02
2,10754,-2147443052,A-OR-01
2,10754,-2147443053, 
2,10754,-2147443054,Pyxis Link
2,10754,-2147443024,A-OR-12a
2,10754,-2147443025,A-OR-11
2,10754,-2147443026,A-EP-3
2,10754,-2147443027,A-EP-2
2,10754,-2147443028,A-EP-1
2,10754,-2147443029,A-Cape-6
2,10754,-2147443030,A-Cape-5
2,10754,-2147443031,A-Cape-4
2,10754,-2147443032,A-Cape-3
2,10754,-2147443033,A-Cape-2
2,10754,-2147443034,A-Cape-1
2,10754,-2147443035,A-Bronch
2,10754,-2147443036,A-4OR-4
2,10754,-2147443037,A-4OR-3
2,10754,-2147443038,A-4OR-2
2,10754,-2147443039,A-4OR-1
2,10754,-2147443040,A-4CYT-3
2,10754,-2147443041,A-4CYT-2
2,10754,-2147443042,A-4CYT-1
2,10767,-2147438792,ORLWT2AN10
2,10767,-2147438793,ORLWT2AN9
2,10767,-2147438794,ORLWT2AN8
2,10767,-2147438795,ORLWT2AN7
2,10767,-2147438796,ORLWT2AN6
2,10767,-2147438797,ORLWT2AN5
2,10767,-2147438798,ORLWT2AN4
2,10754,-2147437757,BAY-OP
2,10754,-2147436625,HEC-1
2,10754,-2147436626,A-HEC-2
2,10754,-2147436627,A-HEC-1
2,10754,-2147436274,A-HEC-3
2,10754,-2147436045,CCL-H
35,10352,-2147476650,VGI4
35,10352,-2147476651,VGI3
35,10352,-2147476652,VGI1
35,10352,-2147476653,VGI2
35,10352,-2147477026,VOCTC
35,10352,-2147477027,VOSSDIA
35,10352,-2147477028,VOSSURG
35,10352,-2147477029,VOSS
35,10352,-2147477030,VCVRU
35,10352,-2147477062,VASU
35,10352,-2147477063,VER
35,10352,-2147477064,VPACU
35,10352,-2147477065,VOR
35,10352,-2147478427,VPSY
35,10352,-2147478428,V2MSU
35,10352,-2147478429,VOPCU
35,10352,-2147478430,VOBS
35,10352,-2147478431,VMED2
35,10352,-2147478432,VMED
35,10352,-2147478433,VSUR2
35,10352,-2147478434,VSUR
35,10352,-2147478435,VPED
35,10352,-2147478436,VSCU2
35,10352,-2147478437,VICU
35,10352,-2147478438,VSCU
35,10352,-2147478439, 
35,10352,-2147433481,OSS _ANES 2
35,10352,-2147433482,OSS _ANES 1
35,10352,-2147433592,MIB_ANES PROCEDURE
35,10352,-2147433593,MIB_ANES OB
35,10352,-2147433594,MIB_ANES 12
35,10352,-2147433595,MIB_ANES 11
35,10352,-2147433596,MIB_ANES 10
35,10352,-2147433597,MIB_ANES 9
35,10352,-2147433598,MIB_ANES 8
35,10352,-2147433599,MIB_ANES 7
35,10352,-2147433600,MIB_ANES 6
35,10352,-2147433601,MIB_ANES 5
35,10352,-2147433602,MIB_ANES 4
35,10352,-2147433603,MIB_ANES 3
35,10352,-2147433604,MIB_ANES 2
35,10352,-2147433605,MIB_ANES 1
35,10352,-2147438342,VCCC
35,10352,-2147438343,VSCU3
35,10352,-2147453792,Pyxis Link
35,10352,-2147469834,V2MSU2
35,10352,-2147472132,VANES1
35,10352,-2147472133,VANES2
35,10352,-2147475439,VLFHDIA
35,10352,-2147475774,HCTC
35,10352,-2147475806,HASU
35,10352,-2147475940,HUC
35,10352,-2147475976,VOSSGI
35,10352,-2147476413,VOUTDIAL
35,10352,-2147476414,VINDIAL
35,10352,-2147476649,VCTC
35,10352,-2147433205,ved
35,10352,-2147433206,mib
35,10352,-2147433080,MIB CATH LAB B
35,10352,-2147433081,MIB OR
35,10352,-2147433082,MIB SUR1
35,10352,-2147433083,MIB SCU1
35,10352,-2147433073,MIB 2MSU
35,10352,-2147433074,MIB MED1
35,10352,-2147432955,MIB 2MSU 2
35,10352,-2147432956,MIB MED2
35,10352,-2147432957,MIB SUR2
35,10352,-2147432958,MIB SCU 2
35,10352,-2147432959,MIB ICU
35,10352,-2147432960,MIB CATH LAB C
35,10352,-2147432961,MIB CATH LAB A
35,10352,-2147432952,ED SATELLITE
35,10352,-2147432877,MIB ASU
35,10352,-2147432878,MIB GI RECOVERY
35,10352,-2147432879,MIB OUTPT DIAL
35,10352,-2147432880,MIB ED SATELLITE
35,10352,-2147432881,MIB PED
35,10352,-2147432882,MIB PACU
35,10352,-2147432883,MIB INPT DIAL
35,10352,-2147432884,MIB ER
35,10352,-2147432885,MIB PSY
35,10352,-2147432886,MIB OBS
35,10352,-2147432887,MIB CVRU
