,skclientkey,medid,device_naturalkey,Last_Removal_month,First_Removal_month,Month_w_Removal_count,Avg_Inventory_Qty_training_peroid,Min_Removal_Qty,Max_Removal_Qty,Avg_Removal_Qty,Frequency_of_Removals,max_par_level,standardstockwithindispensingdeviceflag,100avgdailyusage30,inventoryquantity,dist_eed,y_df,y_predict,modified_y_predict_less_cons,transactionquantity,Dashboard Estimate,MSE_Dashboard,MSE_Estimator_Model,MAE_Estimator_Model,MAE_Dashboard,y_removal_group,MSE_Group_Model,MAE_Group_Model
0,13535,00040,-2147440893,14,14,2,8,4.0,4.0,4,0.0,20,0,76.0,18,456.0,0.0,2.6872513974913197,2.0,4.0,0.0,0.0,4.0,2.0,0.0,0.0,0.0,0.0
1,13535,00040,-2147440893,14,14,2,8,4.0,4.0,4,0.0,20,0,76.0,18,456.0,0.0,2.6872513974913197,2.0,4.0,0.0,0.0,4.0,2.0,0.0,0.0,0.0,0.0
2,13535,00082,-2147440892,16,6,4,6,6.0,10.0,8,3.3333333333333335,8,0,10.0,8,456.0,0.0,-1.568353851411377,0.0,10.0,0.0,0.0,0.0,0.0,0.0,0.0,0.0,0.0
3,13535,00082,-2147440892,16,6,4,6,6.0,10.0,8,3.3333333333333335,8,0,10.0,8,456.0,0.0,-1.568353851411377,0.0,10.0,0.0,0.0,0.0,0.0,0.0,0.0,0.0,0.0
4,13535,00092,-2147440891,13,13,2,6,1.0,1.0,1,0.0,5,0,0.0,4,90.0,0.0,6.935445453462389,1.0,1.0,1.0,1.0,1.0,1.0,1.0,1.0,1.0,1.0
5,13535,00105,-2147440891,14,7,2,10,10.0,10.0,10,7.0,10,0,0.0,10,213.0,0.0,5.719339891830179,5.0,10.0,0.0,0.0,25.0,5.0,0.0,0.0,0.0,0.0
6,13535,00116,-2147440893,16,7,3,11,3.0,6.0,4,4.5,8,0,0.0,8,303.0,0.0,3.948890943468294,3.0,6.0,0.0,0.0,9.0,3.0,0.0,0.0,0.0,0.0
7,13535,00116,-2147440893,16,7,3,11,3.0,6.0,4,4.5,8,0,0.0,8,303.0,0.0,3.948890943468294,3.0,6.0,0.0,0.0,9.0,3.0,0.0,0.0,0.0,0.0
8,13535,00117,-2147440893,12,9,4,2,1.0,1.0,1,1.0,2,1,0.0,2,122.0,0.0,2.6232385590027167,1.0,1.0,0.0,0.0,1.0,1.0,0.0,0.0,0.0,0.0
9,13535,00117,-2147440893,12,9,4,2,1.0,1.0,1,1.0,2,1,0.0,2,122.0,0.0,2.6232385590027167,1.0,1.0,0.0,0.0,1.0,1.0,0.0,0.0,0.0,0.0
10,13535,00117,-2147440892,10,10,2,6,1.0,1.0,1,0.0,6,0,0.0,6,275.0,0.0,5.130870190514161,1.0,1.0,0.0,0.0,1.0,1.0,0.0,0.0,0.0,0.0
11,13535,00117,-2147440892,10,10,2,6,1.0,1.0,1,0.0,6,0,0.0,6,275.0,0.0,5.130870190514161,1.0,1.0,0.0,0.0,1.0,1.0,0.0,0.0,0.0,0.0
12,13535,00139,-2147440891,12,12,2,14,4.0,4.0,4,0.0,10,0,0.0,13,91.0,0.0,7.078040267010463,4.0,4.0,5.0,25.0,16.0,4.0,5.0,0.0,0.0,0.0
13,13535,00141,-2147440893,6,6,2,17,17.0,17.0,17,0.0,5,0,0.0,17,275.0,0.0,5.707413543161765,5.0,17.0,0.0,0.0,25.0,5.0,0.0,0.0,0.0,0.0
14,13535,00154,-2147440893,11,9,3,23,2.0,15.0,6,1.0,16,0,0.0,17,60.0,0.0,10.123782696750347,10.0,15.0,7.0,49.0,100.0,10.0,7.0,0.0,0.0,0.0
15,13535,00154,-2147440892,9,9,2,25,25.0,25.0,25,0.0,12,0,13.0,22,60.0,0.0,7.628981546640068,7.0,25.0,9.0,81.0,49.0,7.0,9.0,0.0,0.0,0.0
16,13535,00154,-2147440892,9,9,2,25,25.0,25.0,25,0.0,12,0,13.0,22,60.0,0.0,7.628981546640068,7.0,25.0,9.0,81.0,49.0,7.0,9.0,0.0,0.0,0.0
17,13535,00163,-2147440892,15,15,2,4,2.0,2.0,2,0.0,6,0,16.0,5,456.0,0.0,3.1861036492031207,2.0,2.0,0.0,0.0,4.0,2.0,0.0,0.0,0.0,0.0
18,13535,00163,-2147440892,15,15,2,4,2.0,2.0,2,0.0,6,0,16.0,5,456.0,0.0,3.1861036492031207,2.0,2.0,0.0,0.0,4.0,2.0,0.0,0.0,0.0,0.0
19,13535,00217,-2147440892,14,7,14,3,1.0,3.0,1,0.5384615384615384,12,0,6.0,11,943.0,0.0,0.8830495667985776,0.0,3.0,0.0,0.0,0.0,0.0,0.0,0.0,0.0,0.0
20,13535,00217,-2147440892,14,7,14,3,1.0,3.0,1,0.5384615384615384,12,0,6.0,11,943.0,0.0,0.8830495667985776,0.0,3.0,0.0,0.0,0.0,0.0,0.0,0.0,0.0,0.0
21,13535,00218,-2147440892,9,7,3,3,1.0,3.0,2,1.0,3,0,6.0,2,244.0,0.0,0.5899416800010583,0.0,3.0,0.0,0.0,0.0,0.0,0.0,0.0,0.0,0.0
22,13535,00218,-2147440892,9,7,3,3,1.0,3.0,2,1.0,3,0,6.0,2,244.0,0.0,0.5899416800010583,0.0,3.0,0.0,0.0,0.0,0.0,0.0,0.0,0.0,0.0
23,13535,00219,-2147440893,16,6,2,20,20.0,20.0,20,10.0,8,0,0.0,10,364.0,0.0,4.323477427773707,4.0,20.0,0.0,0.0,16.0,4.0,0.0,0.0,0.0,0.0
24,13535,00219,-2147440893,16,6,2,20,20.0,20.0,20,10.0,8,0,0.0,10,364.0,0.0,4.323477427773707,4.0,20.0,0.0,0.0,16.0,4.0,0.0,0.0,0.0,0.0
25,13535,00262,-2147440892,7,7,2,2,1.0,1.0,1,0.0,9,0,63.0,8,852.0,0.0,-1.056722107738727,0.0,1.0,0.0,0.0,0.0,0.0,0.0,0.0,0.0,0.0
26,13535,00262,-2147440892,7,7,2,2,1.0,1.0,1,0.0,9,0,63.0,8,852.0,0.0,-1.056722107738727,0.0,1.0,0.0,0.0,0.0,0.0,0.0,0.0,0.0,0.0
27,13535,00314,-2147440891,14,5,3,2,1.0,1.0,1,4.5,2,0,0.0,2,487.0,0.0,-0.27087923001698266,0.0,1.0,0.0,0.0,0.0,0.0,0.0,0.0,0.0,0.0
28,13535,00316,-2147440892,12,12,2,6,3.0,3.0,3,0.0,6,0,23.0,4,122.0,0.0,6.428346467375633,3.0,3.0,0.0,0.0,9.0,3.0,0.0,0.0,0.0,0.0
29,13535,00316,-2147440892,12,12,2,6,3.0,3.0,3,0.0,6,0,23.0,4,122.0,0.0,6.428346467375633,3.0,3.0,0.0,0.0,9.0,3.0,0.0,0.0,0.0,0.0
30,13535,00421,-2147440893,10,10,2,10,1.0,1.0,1,0.0,8,0,10.0,8,213.0,0.0,5.676289934815957,1.0,1.0,0.0,0.0,1.0,1.0,0.0,0.0,0.0,0.0
31,13535,00421,-2147440893,10,10,2,10,1.0,1.0,1,0.0,8,0,10.0,8,213.0,0.0,5.676289934815957,1.0,1.0,0.0,0.0,1.0,1.0,0.0,0.0,0.0,0.0
32,13535,00425,-2147440893,7,7,2,6,5.0,5.0,5,0.0,6,0,0.0,6,92.0,0.0,6.955502470434263,5.0,5.0,2.0,4.0,25.0,5.0,2.0,0.0,0.0,0.0
33,13535,00435,-2147440892,12,12,2,1,2.0,2.0,2,0.0,3,0,3.0,3,517.0,0.0,2.7228805360211776,2.0,2.0,0.0,0.0,4.0,2.0,0.0,0.0,0.0,0.0
34,13535,00435,-2147440892,12,12,2,1,2.0,2.0,2,0.0,3,0,3.0,3,517.0,0.0,2.7228805360211776,2.0,2.0,0.0,0.0,4.0,2.0,0.0,0.0,0.0,0.0
35,13535,00436,-2147440893,10,10,2,14,4.0,4.0,4,0.0,9,0,23.0,9,729.0,0.0,0.44871964724629443,0.0,4.0,0.0,0.0,0.0,0.0,0.0,0.0,0.0,0.0
36,13535,00436,-2147440893,10,10,2,14,4.0,4.0,4,0.0,9,0,23.0,9,729.0,0.0,0.44871964724629443,0.0,4.0,0.0,0.0,0.0,0.0,0.0,0.0,0.0,0.0
37,13535,00711,-2147440893,10,10,2,21,21.0,21.0,21,0.0,10,0,3.0,25,181.0,0.0,6.732423804146723,6.0,21.0,0.0,0.0,36.0,6.0,0.0,0.0,0.0,0.0
38,13535,00711,-2147440893,10,10,2,21,21.0,21.0,21,0.0,10,0,3.0,25,181.0,0.0,6.732423804146723,6.0,21.0,0.0,0.0,36.0,6.0,0.0,0.0,0.0,0.0
39,13535,00745,-2147440892,16,5,4,18,8.0,18.0,13,3.6666666666666665,5,0,0.0,5,213.0,0.0,2.31876293399876,2.0,18.0,0.0,0.0,4.0,2.0,0.0,0.0,0.0,0.0
40,13535,00745,-2147440892,16,5,4,18,8.0,18.0,13,3.6666666666666665,5,0,0.0,5,213.0,0.0,2.31876293399876,2.0,18.0,0.0,0.0,4.0,2.0,0.0,0.0,0.0,0.0
41,13535,00826,-2147440892,12,10,2,13,1.0,10.0,5,2.0,12,0,20.0,9,183.0,0.0,5.745513578176276,5.0,10.0,0.0,0.0,25.0,5.0,0.0,0.0,0.0,0.0
42,13535,00826,-2147440892,12,10,2,13,1.0,10.0,5,2.0,12,0,20.0,9,183.0,0.0,5.745513578176276,5.0,10.0,0.0,0.0,25.0,5.0,0.0,0.0,0.0,0.0
43,13535,01249,-2147440892,14,14,2,10,4.0,4.0,4,0.0,6,0,3.0,9,364.0,0.0,4.368387830146061,4.0,4.0,0.0,0.0,16.0,4.0,0.0,0.0,0.0,0.0
44,13535,01249,-2147440892,14,14,2,10,4.0,4.0,4,0.0,6,0,3.0,9,364.0,0.0,4.368387830146061,4.0,4.0,0.0,0.0,16.0,4.0,0.0,0.0,0.0,0.0
45,13535,01433,-2147440891,16,9,3,5,1.0,5.0,3,3.5,6,1,0.0,5,30.0,0.0,4.939377960666886,4.0,5.0,2.0,4.0,16.0,4.0,2.0,0.0,0.0,0.0
46,13535,01433,-2147440891,16,9,3,5,1.0,5.0,3,3.5,6,1,0.0,5,30.0,0.0,4.939377960666886,4.0,5.0,2.0,4.0,16.0,4.0,2.0,0.0,0.0,0.0
47,13535,01448,-2147440893,14,9,4,11,4.0,11.0,7,1.6666666666666667,6,0,0.0,7,303.0,0.0,1.1926162652931387,1.0,11.0,0.0,0.0,1.0,1.0,0.0,0.0,0.0,0.0
48,13535,01448,-2147440892,10,10,2,5,2.0,2.0,2,0.0,5,0,3.0,4,152.0,0.0,6.299892279160428,2.0,2.0,0.0,0.0,4.0,2.0,0.0,0.0,0.0,0.0
49,13535,01448,-2147440892,10,10,2,5,2.0,2.0,2,0.0,5,0,3.0,4,152.0,0.0,6.299892279160428,2.0,2.0,0.0,0.0,4.0,2.0,0.0,0.0,0.0,0.0
50,13535,01448,-2147440890,14,9,4,10,8.0,9.0,8,1.6666666666666667,12,1,13.0,12,152.0,0.0,3.6078322415164608,3.0,9.0,0.0,0.0,9.0,3.0,0.0,0.0,0.0,0.0
51,13535,01448,-2147440890,14,9,4,10,8.0,9.0,8,1.6666666666666667,12,1,13.0,12,152.0,0.0,3.6078322415164608,3.0,9.0,0.0,0.0,9.0,3.0,0.0,0.0,0.0,0.0
52,13535,02052,-2147440893,14,14,2,8,1.0,1.0,1,0.0,6,0,10.0,6,183.0,0.0,5.990265844131315,1.0,1.0,0.0,0.0,1.0,1.0,0.0,0.0,0.0,0.0
53,13535,02052,-2147440893,14,14,2,8,1.0,1.0,1,0.0,6,0,10.0,6,183.0,0.0,5.990265844131315,1.0,1.0,0.0,0.0,1.0,1.0,0.0,0.0,0.0,0.0
54,13535,02097,-2147440893,12,12,2,14,14.0,14.0,14,0.0,12,0,0.0,9,152.0,0.0,6.170415933143179,6.0,14.0,0.0,0.0,36.0,6.0,0.0,0.0,0.0,0.0
55,13535,02105,-2147440893,12,12,2,14,14.0,14.0,14,0.0,10,0,0.0,15,183.0,0.0,6.255591363107969,6.0,14.0,0.0,0.0,36.0,6.0,0.0,0.0,0.0,0.0
56,13535,02305,-2147440893,7,7,2,19,16.0,16.0,16,0.0,16,0,0.0,12,122.0,0.0,6.392397967100235,6.0,16.0,0.0,0.0,36.0,6.0,0.0,0.0,0.0,0.0
57,13535,02567,-2147440893,16,9,4,27,12.0,27.0,19,2.3333333333333335,10,0,13.0,10,640.0,0.0,-4.4496293501328665,0.0,27.0,0.0,0.0,0.0,0.0,0.0,0.0,0.0,0.0
58,13535,02567,-2147440893,16,9,4,27,12.0,27.0,19,2.3333333333333335,10,0,13.0,10,640.0,0.0,-4.4496293501328665,0.0,27.0,0.0,0.0,0.0,0.0,0.0,0.0,0.0,0.0
59,13535,02567,-2147440892,16,9,3,16,14.0,16.0,15,3.5,10,0,0.0,10,640.0,0.0,2.956438075291923,2.0,16.0,0.0,0.0,4.0,2.0,0.0,0.0,0.0,0.0
60,13535,02567,-2147440892,16,9,3,16,14.0,16.0,15,3.5,10,0,0.0,10,640.0,0.0,2.956438075291923,2.0,16.0,0.0,0.0,4.0,2.0,0.0,0.0,0.0,0.0
61,13535,02921,-2147440891,16,9,3,10,10.0,15.0,13,3.5,10,0,0.0,10,395.0,0.0,4.432000042332531,4.0,15.0,0.0,0.0,16.0,4.0,0.0,0.0,0.0,0.0
62,13535,02921,-2147440891,16,9,3,10,10.0,15.0,13,3.5,10,0,0.0,10,395.0,0.0,4.432000042332531,4.0,15.0,0.0,0.0,16.0,4.0,0.0,0.0,0.0,0.0
63,13535,02921,-2147437246,16,9,2,10,3.0,18.0,10,7.0,18,0,0.0,18,303.0,0.0,4.7625563004572875,4.0,18.0,0.0,0.0,16.0,4.0,0.0,0.0,0.0,0.0
64,13535,02921,-2147437246,16,9,2,10,3.0,18.0,10,7.0,18,0,0.0,18,303.0,0.0,4.7625563004572875,4.0,18.0,0.0,0.0,16.0,4.0,0.0,0.0,0.0,0.0
65,13535,03547,-2147440893,10,10,2,10,10.0,10.0,10,0.0,10,0,0.0,13,265.0,0.0,5.343144000856924,5.0,10.0,0.0,0.0,25.0,5.0,0.0,0.0,0.0,0.0
66,13535,03780,-2147440890,11,6,4,11,4.0,4.0,4,1.6666666666666667,8,1,0.0,5,213.0,0.0,1.4153799661983721,1.0,4.0,0.0,0.0,1.0,1.0,0.0,0.0,0.0,0.0
67,13535,04518,-2147440893,9,9,2,22,19.0,19.0,19,0.0,14,0,10.0,14,640.0,0.0,1.3742470247219405,1.0,19.0,0.0,0.0,1.0,1.0,0.0,0.0,0.0,0.0
68,13535,04518,-2147440893,9,9,2,22,19.0,19.0,19,0.0,14,0,10.0,14,640.0,0.0,1.3742470247219405,1.0,19.0,0.0,0.0,1.0,1.0,0.0,0.0,0.0,0.0
69,13535,04518,-2147440892,9,9,2,19,13.0,13.0,13,0.0,12,0,23.0,18,487.0,0.0,3.1238952660740633,3.0,13.0,0.0,0.0,9.0,3.0,0.0,0.0,0.0,0.0
70,13535,04518,-2147440892,9,9,2,19,13.0,13.0,13,0.0,12,0,23.0,18,487.0,0.0,3.1238952660740633,3.0,13.0,0.0,0.0,9.0,3.0,0.0,0.0,0.0,0.0
71,13535,05501,-2147440893,10,10,2,19,19.0,19.0,19,0.0,10,0,6.0,15,395.0,0.0,4.107066213230988,4.0,19.0,0.0,0.0,16.0,4.0,0.0,0.0,0.0,0.0
72,13535,05501,-2147440893,10,10,2,19,19.0,19.0,19,0.0,10,0,6.0,15,395.0,0.0,4.107066213230988,4.0,19.0,0.0,0.0,16.0,4.0,0.0,0.0,0.0,0.0
73,13535,05998,-2147440893,14,14,2,30,38.0,38.0,38,0.0,30,0,40.0,24,334.0,0.0,3.848149413580307,3.0,38.0,0.0,0.0,9.0,3.0,0.0,0.0,0.0,0.0
74,13535,05998,-2147440893,14,14,2,30,38.0,38.0,38,0.0,30,0,40.0,24,334.0,0.0,3.848149413580307,3.0,38.0,0.0,0.0,9.0,3.0,0.0,0.0,0.0,0.0
75,13535,05998,-2147440892,14,14,2,20,9.0,9.0,9,0.0,30,0,266.0,19,395.0,0.0,1.6941356862502204,1.0,9.0,0.0,0.0,1.0,1.0,0.0,0.0,0.0,0.0
76,13535,05998,-2147440892,14,14,2,20,9.0,9.0,9,0.0,30,0,266.0,19,395.0,0.0,1.6941356862502204,1.0,9.0,0.0,0.0,1.0,1.0,0.0,0.0,0.0,0.0
77,13535,05998,-2147440891,14,9,4,18,2.0,9.0,7,1.6666666666666667,10,0,0.0,20,91.0,0.0,7.765666237785831,7.0,9.0,9.0,81.0,49.0,7.0,9.0,0.0,0.0,0.0
78,13535,05998,-2147437246,14,10,4,7,1.0,8.0,4,1.3333333333333333,10,0,13.0,8,334.0,0.0,0.3384373200918276,0.0,8.0,0.0,0.0,0.0,0.0,0.0,0.0,0.0,0.0
79,13535,05998,-2147437246,14,10,4,7,1.0,8.0,4,1.3333333333333333,10,0,13.0,8,334.0,0.0,0.3384373200918276,0.0,8.0,0.0,0.0,0.0,0.0,0.0,0.0,0.0,0.0
80,13535,06091,-2147440892,16,16,2,26,1.0,1.0,1,0.0,14,0,3.0,24,183.0,0.0,6.445639315511272,1.0,1.0,0.0,0.0,1.0,1.0,0.0,0.0,0.0,0.0
81,13535,06091,-2147440892,16,16,2,26,1.0,1.0,1,0.0,14,0,3.0,24,183.0,0.0,6.445639315511272,1.0,1.0,0.0,0.0,1.0,1.0,0.0,0.0,0.0,0.0
82,13535,06106,-2147440893,6,6,2,24,2.0,2.0,2,0.0,18,0,50.0,21,122.0,0.0,6.419996997013175,2.0,2.0,0.0,0.0,4.0,2.0,0.0,0.0,0.0,0.0
83,13535,06106,-2147440893,6,6,2,24,2.0,2.0,2,0.0,18,0,50.0,21,122.0,0.0,6.419996997013175,2.0,2.0,0.0,0.0,4.0,2.0,0.0,0.0,0.0,0.0
84,13535,06233,-2147440893,10,6,4,47,4.0,5.0,4,1.3333333333333333,20,0,40.0,35,60.0,0.0,10.360877257948761,5.0,5.0,15.0,225.0,25.0,5.0,15.0,0.0,0.0,0.0
85,13535,06233,-2147440893,10,6,4,47,4.0,5.0,4,1.3333333333333333,20,0,40.0,35,60.0,0.0,10.360877257948761,5.0,5.0,15.0,225.0,25.0,5.0,15.0,0.0,0.0,0.0
86,13535,06233,-2147440892,10,10,2,13,3.0,3.0,3,0.0,10,0,10.0,10,244.0,0.0,5.352343357304315,3.0,3.0,0.0,0.0,9.0,3.0,0.0,0.0,0.0,0.0
87,13535,06233,-2147440892,10,10,2,13,3.0,3.0,3,0.0,10,0,10.0,10,244.0,0.0,5.352343357304315,3.0,3.0,0.0,0.0,9.0,3.0,0.0,0.0,0.0,0.0
88,13535,06233,-2147440891,16,7,2,15,10.0,20.0,15,9.0,20,0,0.0,15,183.0,0.0,5.707049195195387,5.0,20.0,0.0,0.0,25.0,5.0,0.0,0.0,0.0,0.0
89,13535,06233,-2147440891,16,7,2,15,10.0,20.0,15,9.0,20,0,0.0,15,183.0,0.0,5.707049195195387,5.0,20.0,0.0,0.0,25.0,5.0,0.0,0.0,0.0,0.0
90,13535,06246,-2147440893,14,5,2,17,8.0,16.0,12,9.0,18,0,6.0,24,395.0,0.0,4.095069044601571,4.0,16.0,0.0,0.0,16.0,4.0,0.0,0.0,0.0,0.0
91,13535,06246,-2147440893,14,5,2,17,8.0,16.0,12,9.0,18,0,6.0,24,395.0,0.0,4.095069044601571,4.0,16.0,0.0,0.0,16.0,4.0,0.0,0.0,0.0,0.0
92,13535,06253,-2147440893,16,5,6,7,1.0,5.0,2,2.2,8,0,3.0,5,152.0,0.0,9.277347873578051,5.0,5.0,0.0,0.0,25.0,5.0,0.0,5.0,25.0,5.0
93,13535,06253,-2147440893,16,5,6,7,1.0,5.0,2,2.2,8,0,3.0,5,152.0,0.0,9.277347873578051,5.0,5.0,0.0,0.0,25.0,5.0,0.0,5.0,25.0,5.0
94,13535,06272,-2147440893,11,9,4,36,1.0,2.0,1,0.6666666666666666,30,0,186.0,31,275.0,0.0,1.50596050235125,1.0,2.0,0.0,0.0,1.0,1.0,0.0,0.0,0.0,0.0
95,13535,06272,-2147440893,11,9,4,36,1.0,2.0,1,0.6666666666666666,30,0,186.0,31,275.0,0.0,1.50596050235125,1.0,2.0,0.0,0.0,1.0,1.0,0.0,0.0,0.0,0.0
96,13535,06272,-2147440892,14,14,2,12,1.0,1.0,1,0.0,16,0,63.0,18,303.0,0.0,4.507458065261261,1.0,1.0,0.0,0.0,1.0,1.0,0.0,0.0,0.0,0.0
97,13535,06272,-2147440892,14,14,2,12,1.0,1.0,1,0.0,16,0,63.0,18,303.0,0.0,4.507458065261261,1.0,1.0,0.0,0.0,1.0,1.0,0.0,0.0,0.0,0.0
98,13535,06495,-2147440893,14,9,4,13,2.0,11.0,4,1.6666666666666667,15,0,0.0,15,303.0,0.0,2.58594792830432,2.0,11.0,0.0,0.0,4.0,2.0,0.0,0.0,0.0,0.0
99,13535,06495,-2147440892,15,15,2,12,2.0,2.0,2,0.0,12,0,70.0,11,517.0,0.0,2.220633868567692,2.0,2.0,0.0,0.0,4.0,2.0,0.0,0.0,0.0,0.0
100,13535,06495,-2147440892,15,15,2,12,2.0,2.0,2,0.0,12,0,70.0,11,517.0,0.0,2.220633868567692,2.0,2.0,0.0,0.0,4.0,2.0,0.0,0.0,0.0,0.0
101,13535,06623,-2147440893,13,13,2,38,5.0,5.0,5,0.0,20,0,40.0,38,319.0,0.0,5.210219595527057,5.0,5.0,0.0,0.0,25.0,5.0,0.0,0.0,0.0,0.0
102,13535,06623,-2147440893,13,13,2,38,5.0,5.0,5,0.0,20,0,40.0,38,319.0,0.0,5.210219595527057,5.0,5.0,0.0,0.0,25.0,5.0,0.0,0.0,0.0,0.0
103,13535,07453,-2147440893,11,6,4,18,1.0,1.0,1,1.6666666666666667,19,0,20.0,19,275.0,0.0,3.308546953347652,1.0,1.0,0.0,0.0,1.0,1.0,0.0,0.0,0.0,0.0
104,13535,07453,-2147440893,11,6,4,18,1.0,1.0,1,1.6666666666666667,19,0,20.0,19,275.0,0.0,3.308546953347652,1.0,1.0,0.0,0.0,1.0,1.0,0.0,0.0,0.0,0.0
105,13535,07824,-2147440893,16,5,2,7,6.0,8.0,7,11.0,8,0,0.0,8,213.0,0.0,5.734195755256996,5.0,8.0,0.0,0.0,25.0,5.0,0.0,0.0,0.0,0.0
106,13535,07824,-2147440893,16,5,2,7,6.0,8.0,7,11.0,8,0,0.0,8,213.0,0.0,5.734195755256996,5.0,8.0,0.0,0.0,25.0,5.0,0.0,0.0,0.0,0.0
107,13535,07824,-2147440892,16,5,2,9,8.0,10.0,9,11.0,10,0,0.0,10,213.0,0.0,5.719339891830177,5.0,10.0,0.0,0.0,25.0,5.0,0.0,0.0,0.0,0.0
108,13535,07824,-2147440892,16,5,2,9,8.0,10.0,9,11.0,10,0,0.0,10,213.0,0.0,5.719339891830177,5.0,10.0,0.0,0.0,25.0,5.0,0.0,0.0,0.0,0.0
109,13535,07824,-2147440891,16,7,2,6,6.0,6.0,6,9.0,4,0,0.0,4,213.0,0.0,5.76390748211063,5.0,6.0,0.0,0.0,25.0,5.0,0.0,0.0,0.0,0.0
110,13535,07824,-2147440891,16,7,2,6,6.0,6.0,6,9.0,4,0,0.0,4,213.0,0.0,5.76390748211063,5.0,6.0,0.0,0.0,25.0,5.0,0.0,0.0,0.0,0.0
111,13535,07874,-2147440892,16,9,2,1,1.0,1.0,1,7.0,1,0,0.0,1,303.0,0.0,4.888831139585232,1.0,1.0,0.0,0.0,1.0,1.0,0.0,0.0,0.0,0.0
112,13535,07874,-2147440892,16,9,2,1,1.0,1.0,1,7.0,1,0,0.0,1,303.0,0.0,4.888831139585232,1.0,1.0,0.0,0.0,1.0,1.0,0.0,0.0,0.0,0.0
113,13535,08184,-2147440892,5,5,2,2,1.0,1.0,1,0.0,2,0,0.0,2,122.0,0.0,6.686094151399354,1.0,1.0,0.0,0.0,1.0,1.0,0.0,0.0,0.0,0.0
114,13535,08449,-2147440893,14,6,2,10,10.0,10.0,10,8.0,10,0,0.0,10,214.0,0.0,5.709369223633894,5.0,10.0,0.0,0.0,25.0,5.0,0.0,0.0,0.0,0.0
115,13535,08449,-2147440892,14,9,4,10,5.0,5.0,5,1.6666666666666667,10,0,20.0,10,214.0,0.0,2.72331152320149,2.0,5.0,0.0,0.0,4.0,2.0,0.0,0.0,0.0,0.0
116,13535,08449,-2147440892,14,9,4,10,5.0,5.0,5,1.6666666666666667,10,0,20.0,10,214.0,0.0,2.72331152320149,2.0,5.0,0.0,0.0,4.0,2.0,0.0,0.0,0.0,0.0
117,13535,08449,-2147440891,14,7,2,9,9.0,10.0,9,7.0,10,0,0.0,10,335.0,0.0,4.502918371883446,4.0,10.0,0.0,0.0,16.0,4.0,0.0,0.0,0.0,0.0
118,13535,09167,-2147440892,9,9,2,17,1.0,1.0,1,0.0,10,0,10.0,11,60.0,0.0,7.234372590498548,1.0,1.0,4.0,16.0,1.0,1.0,4.0,0.0,0.0,0.0
119,13535,09167,-2147440892,9,9,2,17,1.0,1.0,1,0.0,10,0,10.0,11,60.0,0.0,7.234372590498548,1.0,1.0,4.0,16.0,1.0,1.0,4.0,0.0,0.0,0.0
120,13535,09274,-2147440893,10,10,2,13,11.0,11.0,11,0.0,10,0,20.0,13,152.0,0.0,6.354017866155019,6.0,11.0,0.0,0.0,36.0,6.0,0.0,0.0,0.0,0.0
121,13535,09274,-2147440893,10,10,2,13,11.0,11.0,11,0.0,10,0,20.0,13,152.0,0.0,6.354017866155019,6.0,11.0,0.0,0.0,36.0,6.0,0.0,0.0,0.0,0.0
122,13535,09274,-2147440892,10,10,2,19,15.0,15.0,15,0.0,10,0,13.0,12,152.0,0.0,6.347125655385895,6.0,15.0,0.0,0.0,36.0,6.0,0.0,0.0,0.0,0.0
123,13535,09274,-2147440892,10,10,2,19,15.0,15.0,15,0.0,10,0,13.0,12,152.0,0.0,6.347125655385895,6.0,15.0,0.0,0.0,36.0,6.0,0.0,0.0,0.0,0.0
124,13535,103785432,-2147440892,14,14,2,20,3.0,3.0,3,0.0,10,0,23.0,12,60.0,0.0,7.206521309003049,3.0,3.0,5.0,25.0,9.0,3.0,5.0,3.0,9.0,3.0
125,13535,103785432,-2147440892,14,14,2,20,3.0,3.0,3,0.0,10,0,23.0,12,60.0,0.0,7.206521309003049,3.0,3.0,5.0,25.0,9.0,3.0,5.0,3.0,9.0,3.0
126,13535,10465,-2147440893,14,6,3,25,17.0,24.0,21,4.0,20,0,0.0,24,213.0,0.0,12.964458132822816,12.0,24.0,0.0,0.0,144.0,12.0,0.0,0.0,0.0,0.0
127,13535,106142977,-2147440893,10,10,2,18,17.0,17.0,17,0.0,12,0,13.0,15,548.0,0.0,2.4313114713081863,2.0,17.0,0.0,0.0,4.0,2.0,0.0,0.0,0.0,0.0
128,13535,106142977,-2147440893,10,10,2,18,17.0,17.0,17,0.0,12,0,13.0,15,548.0,0.0,2.4313114713081863,2.0,17.0,0.0,0.0,4.0,2.0,0.0,0.0,0.0,0.0
129,13535,108145667,-2147440891,16,16,2,10,10.0,10.0,10,0.0,8,0,0.0,8,244.0,0.0,5.42510504117217,5.0,10.0,0.0,0.0,25.0,5.0,0.0,0.0,0.0,0.0
130,13535,108145667,-2147440891,16,16,2,10,10.0,10.0,10,0.0,8,0,0.0,8,244.0,0.0,5.42510504117217,5.0,10.0,0.0,0.0,25.0,5.0,0.0,0.0,0.0,0.0
131,13535,10908,-2147440893,10,10,2,10,4.0,4.0,4,0.0,5,0,3.0,5,364.0,0.0,4.23353690662592,4.0,4.0,0.0,0.0,16.0,4.0,0.0,0.0,0.0,0.0
132,13535,10908,-2147440893,10,10,2,10,4.0,4.0,4,0.0,5,0,3.0,5,364.0,0.0,4.23353690662592,4.0,4.0,0.0,0.0,16.0,4.0,0.0,0.0,0.0,0.0
133,13535,110824249,-2147440891,9,7,3,3,4.0,4.0,4,1.0,3,0,3.0,3,81.0,0.0,2.4135815824332267,2.0,4.0,1.0,1.0,4.0,2.0,1.0,0.0,0.0,0.0
134,13535,110824249,-2147440891,9,7,3,3,4.0,4.0,4,1.0,3,0,3.0,3,81.0,0.0,2.4135815824332267,2.0,4.0,1.0,1.0,4.0,2.0,1.0,0.0,0.0,0.0
135,13535,110824249,-2147437246,15,15,2,4,2.0,2.0,2,0.0,4,0,3.0,3,81.0,0.0,7.015237652810049,2.0,2.0,1.0,1.0,4.0,2.0,1.0,2.0,4.0,2.0
136,13535,110824249,-2147437246,15,15,2,4,2.0,2.0,2,0.0,4,0,3.0,3,81.0,0.0,7.015237652810049,2.0,2.0,1.0,1.0,4.0,2.0,1.0,2.0,4.0,2.0
137,13535,11292,-2147440893,15,8,16,9,7.0,20.0,10,0.4666666666666667,10,0,0.0,10,26.0,5.0,8.999996063725185,8.0,20.0,4.0,1.0,9.0,3.0,1.0,8.0,9.0,3.0
138,13535,11292,-2147440893,15,8,16,9,7.0,20.0,10,0.4666666666666667,10,0,0.0,10,26.0,5.0,8.999996063725185,8.0,20.0,4.0,1.0,9.0,3.0,1.0,8.0,9.0,3.0
139,13535,11292,-2147440892,16,7,20,9,7.0,14.0,9,0.47368421052631576,10,0,3.0,9,4.0,9.0,9.155145610720252,9.0,14.0,4.0,25.0,0.0,0.0,5.0,9.0,0.0,0.0
140,13535,11292,-2147440892,16,7,20,9,7.0,14.0,9,0.47368421052631576,10,0,3.0,9,4.0,9.0,9.155145610720252,9.0,14.0,4.0,25.0,0.0,0.0,5.0,9.0,0.0,0.0
141,13535,113786118,-2147440893,16,9,4,10,1.0,10.0,5,2.3333333333333335,10,0,23.0,7,517.0,0.0,-3.303415240124579,0.0,10.0,0.0,0.0,0.0,0.0,0.0,0.0,0.0,0.0
142,13535,113786118,-2147440893,16,9,4,10,1.0,10.0,5,2.3333333333333335,10,0,23.0,7,517.0,0.0,-3.303415240124579,0.0,10.0,0.0,0.0,0.0,0.0,0.0,0.0,0.0,0.0
143,13535,117534629,-2147440893,10,6,2,8,1.0,8.0,4,4.0,9,0,0.0,9,334.0,0.0,4.5203169717931395,4.0,8.0,0.0,0.0,16.0,4.0,0.0,0.0,0.0,0.0
144,13535,117534629,-2147440891,16,10,3,11,3.0,8.0,4,3.0,15,0,0.0,11,30.0,0.0,6.97294245140251,6.0,8.0,4.0,16.0,36.0,6.0,4.0,0.0,0.0,0.0
145,13535,117534629,-2147440891,16,10,3,11,3.0,8.0,4,3.0,15,0,0.0,11,30.0,0.0,6.97294245140251,6.0,8.0,4.0,16.0,36.0,6.0,4.0,0.0,0.0,0.0
146,13535,11814,-2147440893,10,10,2,25,13.0,13.0,13,0.0,16,0,50.0,27,60.0,0.0,7.432444569232441,7.0,13.0,12.0,144.0,49.0,7.0,12.0,0.0,0.0,0.0
147,13535,11814,-2147440893,10,10,2,25,13.0,13.0,13,0.0,16,0,50.0,27,60.0,0.0,7.432444569232441,7.0,13.0,12.0,144.0,49.0,7.0,12.0,0.0,0.0,0.0
148,13535,11993,-2147440892,11,10,3,0,1.0,2.0,1,0.5,2,0,0.0,2,456.0,0.0,-0.08417547092204902,0.0,2.0,0.0,0.0,0.0,0.0,0.0,0.0,0.0,0.0
149,13535,12128,-2147440893,12,9,3,14,1.0,1.0,1,1.5,8,0,16.0,14,60.0,0.0,7.298021139198872,1.0,1.0,6.0,36.0,1.0,1.0,6.0,1.0,1.0,1.0
150,13535,12128,-2147440893,12,9,3,14,1.0,1.0,1,1.5,8,0,16.0,14,60.0,0.0,7.298021139198872,1.0,1.0,6.0,36.0,1.0,1.0,6.0,1.0,1.0,1.0
151,13535,12198,-2147440893,16,11,3,25,10.0,17.0,12,2.5,16,0,0.0,20,425.0,0.0,9.61324998020422,9.0,17.0,0.0,0.0,81.0,9.0,0.0,0.0,0.0,0.0
152,13535,12198,-2147440893,16,11,3,25,10.0,17.0,12,2.5,16,0,0.0,20,425.0,0.0,9.61324998020422,9.0,17.0,0.0,0.0,81.0,9.0,0.0,0.0,0.0,0.0
153,13535,12489887,-2147440892,14,9,4,3,1.0,3.0,2,1.6666666666666667,3,0,0.0,3,395.0,0.0,-1.1823634175739306,0.0,3.0,0.0,0.0,0.0,0.0,0.0,0.0,0.0,0.0
154,13535,12833,-2147440893,14,10,2,24,8.0,20.0,14,4.0,30,0,6.0,28,152.0,0.0,6.049395955115054,6.0,20.0,0.0,0.0,36.0,6.0,0.0,0.0,0.0,0.0
155,13535,12833,-2147440893,14,10,2,24,8.0,20.0,14,4.0,30,0,6.0,28,152.0,0.0,6.049395955115054,6.0,20.0,0.0,0.0,36.0,6.0,0.0,0.0,0.0,0.0
156,13535,13259606,-2147440893,12,12,2,12,15.0,15.0,15,0.0,10,0,0.0,20,456.0,0.0,3.770730370911494,3.0,15.0,0.0,0.0,9.0,3.0,0.0,0.0,0.0,0.0
157,13535,13587,-2147440893,14,6,6,0,1.0,1.0,1,1.6,1,0,0.0,1,17.0,0.0,1.000000001049878,1.0,1.0,0.0,0.0,1.0,1.0,0.0,1.0,1.0,1.0
158,13535,13587,-2147440893,14,6,6,0,1.0,1.0,1,1.6,1,0,0.0,1,17.0,0.0,1.000000001049878,1.0,1.0,0.0,0.0,1.0,1.0,0.0,1.0,1.0,1.0
159,13535,13593,-2147440893,16,16,2,42,37.0,37.0,37,0.0,20,0,16.0,40,395.0,0.0,4.68627535182361,4.0,37.0,0.0,0.0,16.0,4.0,0.0,0.0,0.0,0.0
160,13535,13593,-2147440893,16,16,2,42,37.0,37.0,37,0.0,20,0,16.0,40,395.0,0.0,4.68627535182361,4.0,37.0,0.0,0.0,16.0,4.0,0.0,0.0,0.0,0.0
161,13535,13593,-2147440892,16,16,2,21,19.0,19.0,19,0.0,12,0,6.0,12,394.0,0.0,3.865049592611207,3.0,19.0,0.0,0.0,9.0,3.0,0.0,0.0,0.0,0.0
162,13535,13593,-2147440892,16,16,2,21,19.0,19.0,19,0.0,12,0,6.0,12,394.0,0.0,3.865049592611207,3.0,19.0,0.0,0.0,9.0,3.0,0.0,0.0,0.0,0.0
163,13535,13754297,-2147437246,14,14,2,9,3.0,3.0,3,0.0,12,0,16.0,10,183.0,0.0,5.8161021914305415,3.0,3.0,0.0,0.0,9.0,3.0,0.0,0.0,0.0,0.0
164,13535,13754297,-2147437246,14,14,2,9,3.0,3.0,3,0.0,12,0,16.0,10,183.0,0.0,5.8161021914305415,3.0,3.0,0.0,0.0,9.0,3.0,0.0,0.0,0.0,0.0
165,13535,13802,-2147440893,16,6,4,18,6.0,12.0,9,3.3333333333333335,6,0,0.0,7,181.0,0.0,3.295706770447202,3.0,12.0,0.0,0.0,9.0,3.0,0.0,0.0,0.0,0.0
166,13535,13802,-2147440893,16,6,4,18,6.0,12.0,9,3.3333333333333335,6,0,0.0,7,181.0,0.0,3.295706770447202,3.0,12.0,0.0,0.0,9.0,3.0,0.0,0.0,0.0,0.0
167,13535,14014,-2147440891,16,5,21,2,2.0,4.0,2,0.55,2,0,0.0,2,6.0,2.0,2.0000000001582094,2.0,4.0,0.0,4.0,0.0,0.0,2.0,2.0,0.0,0.0
168,13535,14014,-2147440891,16,5,21,2,2.0,4.0,2,0.55,2,0,0.0,2,6.0,2.0,2.0000000001582094,2.0,4.0,0.0,4.0,0.0,0.0,2.0,2.0,0.0,0.0
169,13535,14173,-2147440893,11,10,4,26,8.0,28.0,18,0.3333333333333333,10,0,0.0,15,213.0,0.0,4.445330634071707,4.0,28.0,0.0,0.0,16.0,4.0,0.0,0.0,0.0,0.0
170,13535,14173,-2147440892,10,10,2,24,20.0,20.0,20,0.0,14,0,26.0,13,213.0,0.0,5.491646746751995,5.0,20.0,0.0,0.0,25.0,5.0,0.0,0.0,0.0,0.0
171,13535,14173,-2147440892,10,10,2,24,20.0,20.0,20,0.0,14,0,26.0,13,213.0,0.0,5.491646746751995,5.0,20.0,0.0,0.0,25.0,5.0,0.0,0.0,0.0,0.0
172,13535,14324,-2147440892,16,16,2,17,6.0,6.0,6,0.0,10,0,3.0,10,578.0,0.0,2.0626742540539524,2.0,6.0,0.0,0.0,4.0,2.0,0.0,0.0,0.0,0.0
173,13535,14324,-2147440892,16,16,2,17,6.0,6.0,6,0.0,10,0,3.0,10,578.0,0.0,2.0626742540539524,2.0,6.0,0.0,0.0,4.0,2.0,0.0,0.0,0.0,0.0
174,13535,14377,-2147440892,10,10,2,14,12.0,12.0,12,0.0,10,0,0.0,6,213.0,0.0,5.529634751518779,5.0,12.0,0.0,0.0,25.0,5.0,0.0,0.0,0.0,0.0
175,13535,144825663,-2147440893,10,10,2,16,16.0,16.0,16,0.0,10,0,16.0,10,303.0,0.0,4.7293304414588935,4.0,16.0,0.0,0.0,16.0,4.0,0.0,0.0,0.0,0.0
176,13535,144825663,-2147440893,10,10,2,16,16.0,16.0,16,0.0,10,0,16.0,10,303.0,0.0,4.7293304414588935,4.0,16.0,0.0,0.0,16.0,4.0,0.0,0.0,0.0,0.0
177,13535,144825663,-2147440892,10,10,2,6,4.0,4.0,4,0.0,5,0,0.0,6,303.0,0.0,4.906545697809447,4.0,4.0,0.0,0.0,16.0,4.0,0.0,0.0,0.0,0.0
178,13535,146773825,-2147440892,14,12,3,3,1.0,1.0,1,1.0,4,0,30.0,4,395.0,0.0,-1.4731429666374356,0.0,1.0,0.0,0.0,0.0,0.0,0.0,0.0,0.0,0.0
179,13535,146773825,-2147440892,14,12,3,3,1.0,1.0,1,1.0,4,0,30.0,4,395.0,0.0,-1.4731429666374356,0.0,1.0,0.0,0.0,0.0,0.0,0.0,0.0,0.0,0.0
180,13535,148024511,-2147440892,8,8,2,68,56.0,56.0,56,0.0,70,0,86.0,74,131.0,0.0,5.7829738656394785,5.0,56.0,0.0,0.0,25.0,5.0,0.0,0.0,0.0,0.0
181,13535,148024511,-2147440892,8,8,2,68,56.0,56.0,56,0.0,70,0,86.0,74,131.0,0.0,5.7829738656394785,5.0,56.0,0.0,0.0,25.0,5.0,0.0,0.0,0.0,0.0
182,13535,15176,-2147440893,12,12,2,26,24.0,24.0,24,0.0,10,0,0.0,30,425.0,0.0,4.554083935774818,4.0,24.0,0.0,0.0,16.0,4.0,0.0,0.0,0.0,0.0
183,13535,15246,-2147440892,16,12,2,4,1.0,1.0,1,4.0,5,0,0.0,5,213.0,0.0,5.75647955039722,1.0,1.0,0.0,0.0,1.0,1.0,0.0,0.0,0.0,0.0
184,13535,15246,-2147440892,16,12,2,4,1.0,1.0,1,4.0,5,0,0.0,5,213.0,0.0,5.75647955039722,1.0,1.0,0.0,0.0,1.0,1.0,0.0,0.0,0.0,0.0
185,13535,15259,-2147440892,16,7,2,3,3.0,3.0,3,9.0,3,0,0.0,3,303.0,0.0,4.873975276158415,3.0,3.0,0.0,0.0,9.0,3.0,0.0,0.0,0.0,0.0
186,13535,15259,-2147440892,16,7,2,3,3.0,3.0,3,9.0,3,0,0.0,3,303.0,0.0,4.873975276158415,3.0,3.0,0.0,0.0,9.0,3.0,0.0,0.0,0.0,0.0
187,13535,15260,-2147440891,16,16,2,1,1.0,1.0,1,0.0,10,0,0.0,0,257.0,0.0,4.806367640415154,1.0,1.0,0.0,0.0,1.0,1.0,0.0,0.0,0.0,0.0
188,13535,15260,-2147440891,16,16,2,1,1.0,1.0,1,0.0,10,0,0.0,0,257.0,0.0,4.806367640415154,1.0,1.0,0.0,0.0,1.0,1.0,0.0,0.0,0.0,0.0
189,13535,1541301,-2147440893,10,10,2,31,1.0,1.0,1,0.0,15,0,26.0,12,152.0,0.0,5.997577004856254,1.0,1.0,0.0,0.0,1.0,1.0,0.0,0.0,0.0,0.0
190,13535,1541301,-2147440893,10,10,2,31,1.0,1.0,1,0.0,15,0,26.0,12,152.0,0.0,5.997577004856254,1.0,1.0,0.0,0.0,1.0,1.0,0.0,0.0,0.0,0.0
191,13535,1541301,-2147440890,15,10,6,35,4.0,26.0,14,1.0,14,1,3.0,38,334.0,0.0,337.2784348240125,26.0,26.0,0.0,0.0,676.0,26.0,0.0,26.0,676.0,26.0
192,13535,1541301,-2147440890,15,10,6,35,4.0,26.0,14,1.0,14,1,3.0,38,334.0,0.0,337.2784348240125,26.0,26.0,0.0,0.0,676.0,26.0,0.0,26.0,676.0,26.0
193,13535,154399514,-2147440892,16,15,4,6,2.0,7.0,4,0.3333333333333333,10,0,3.0,7,2.0,10.0,6.061920408654336,6.0,7.0,3.0,49.0,16.0,4.0,7.0,6.0,16.0,4.0
194,13535,154399514,-2147440892,16,15,4,6,2.0,7.0,4,0.3333333333333333,10,0,3.0,7,2.0,10.0,6.061920408654336,6.0,7.0,3.0,49.0,16.0,4.0,7.0,6.0,16.0,4.0
195,13535,15567,-2147440892,16,7,2,5,5.0,5.0,5,9.0,5,0,0.0,5,334.0,0.0,4.5500286986467735,4.0,5.0,0.0,0.0,16.0,4.0,0.0,0.0,0.0,0.0
196,13535,15567,-2147440892,16,7,2,5,5.0,5.0,5,9.0,5,0,0.0,5,334.0,0.0,4.5500286986467735,4.0,5.0,0.0,0.0,16.0,4.0,0.0,0.0,0.0,0.0
197,13535,15647,-2147440893,14,14,2,14,2.0,2.0,2,0.0,10,0,0.0,12,183.0,0.0,6.113312507874419,2.0,2.0,0.0,0.0,4.0,2.0,0.0,0.0,0.0,0.0
198,13535,16036,-2147440892,16,12,6,6,2.0,3.0,2,0.8,6,0,0.0,6,456.0,0.0,60.235293519904246,3.0,3.0,0.0,0.0,9.0,3.0,0.0,3.0,9.0,3.0
199,13535,16036,-2147440892,16,12,6,6,2.0,3.0,2,0.8,6,0,0.0,6,456.0,0.0,60.235293519904246,3.0,3.0,0.0,0.0,9.0,3.0,0.0,3.0,9.0,3.0
200,13535,160960680,-2147440892,10,10,2,47,1.0,1.0,1,0.0,50,0,73.0,52,183.0,0.0,5.393482750118498,1.0,1.0,0.0,0.0,1.0,1.0,0.0,0.0,0.0,0.0
201,13535,160960680,-2147440892,10,10,2,47,1.0,1.0,1,0.0,50,0,73.0,52,183.0,0.0,5.393482750118498,1.0,1.0,0.0,0.0,1.0,1.0,0.0,0.0,0.0,0.0
202,13535,16145,-2147440893,10,10,2,25,15.0,15.0,15,0.0,14,0,16.0,14,91.0,0.0,6.813400372217618,6.0,15.0,6.0,36.0,36.0,6.0,6.0,0.0,0.0,0.0
203,13535,16145,-2147440893,10,10,2,25,15.0,15.0,15,0.0,14,0,16.0,14,91.0,0.0,6.813400372217618,6.0,15.0,6.0,36.0,36.0,6.0,6.0,0.0,0.0,0.0
204,13535,1616904,-2147440891,14,12,3,5,2.0,6.0,3,1.0,5,0,13.0,5,153.0,0.0,2.0859613906759877,2.0,6.0,0.0,0.0,4.0,2.0,0.0,0.0,0.0,0.0
205,13535,1616904,-2147440891,14,12,3,5,2.0,6.0,3,1.0,5,0,13.0,5,153.0,0.0,2.0859613906759877,2.0,6.0,0.0,0.0,4.0,2.0,0.0,0.0,0.0,0.0
206,13535,16283,-2147440893,16,10,3,30,1.0,16.0,11,3.0,8,0,0.0,10,275.0,0.0,5.2426955830104065,5.0,16.0,0.0,0.0,25.0,5.0,0.0,0.0,0.0,0.0
207,13535,16283,-2147440893,16,10,3,30,1.0,16.0,11,3.0,8,0,0.0,10,275.0,0.0,5.2426955830104065,5.0,16.0,0.0,0.0,25.0,5.0,0.0,0.0,0.0,0.0
208,13535,16353,-2147440893,14,6,4,17,14.0,15.0,14,2.6666666666666665,10,0,0.0,18,299.0,0.0,3.6931712715417637,3.0,15.0,0.0,0.0,9.0,3.0,0.0,0.0,0.0,0.0
209,13535,16353,-2147440892,14,7,2,19,19.0,19.0,19,7.0,10,0,3.0,19,299.0,0.0,5.27132724651803,5.0,19.0,0.0,0.0,25.0,5.0,0.0,0.0,0.0,0.0
210,13535,16353,-2147440892,14,7,2,19,19.0,19.0,19,7.0,10,0,3.0,19,299.0,0.0,5.27132724651803,5.0,19.0,0.0,0.0,25.0,5.0,0.0,0.0,0.0,0.0
211,13535,16745464,-2147440893,12,12,2,2,1.0,1.0,1,0.0,2,0,3.0,2,334.0,0.0,4.554940747654689,1.0,1.0,0.0,0.0,1.0,1.0,0.0,0.0,0.0,0.0
212,13535,16745464,-2147440893,12,12,2,2,1.0,1.0,1,0.0,2,0,3.0,2,334.0,0.0,4.554940747654689,1.0,1.0,0.0,0.0,1.0,1.0,0.0,0.0,0.0,0.0
213,13535,16786,-2147440893,12,7,2,12,10.0,14.0,12,5.0,10,0,0.0,10,275.0,0.0,5.101158463660527,5.0,14.0,0.0,0.0,25.0,5.0,0.0,0.0,0.0,0.0
214,13535,16847868,-2147440892,5,5,2,4,1.0,1.0,1,0.0,7,0,13.0,8,425.0,0.0,3.599990747862549,1.0,1.0,0.0,0.0,1.0,1.0,0.0,0.0,0.0,0.0
215,13535,16847868,-2147440892,5,5,2,4,1.0,1.0,1,0.0,7,0,13.0,8,425.0,0.0,3.599990747862549,1.0,1.0,0.0,0.0,1.0,1.0,0.0,0.0,0.0,0.0
216,13535,17125,-2147440893,12,12,2,6,2.0,2.0,2,0.0,8,0,0.0,10,334.0,0.0,4.622597473662248,2.0,2.0,0.0,0.0,4.0,2.0,0.0,0.0,0.0,0.0
217,13535,17274,-2147440890,14,7,6,13,1.0,3.0,2,1.4,20,1,0.0,16,152.0,0.0,-3.065079906349172,0.0,3.0,0.0,0.0,0.0,0.0,0.0,0.0,0.0,0.0
218,13535,174504086,-2147440893,14,11,3,30,15.0,20.0,16,1.5,10,0,16.0,15,334.0,0.0,6.122413998035635,6.0,20.0,0.0,0.0,36.0,6.0,0.0,0.0,0.0,0.0
219,13535,174504086,-2147440893,14,11,3,30,15.0,20.0,16,1.5,10,0,16.0,15,334.0,0.0,6.122413998035635,6.0,20.0,0.0,0.0,36.0,6.0,0.0,0.0,0.0,0.0
220,13535,17954,-2147440890,12,12,2,20,11.0,11.0,11,0.0,20,1,0.0,20,244.0,0.0,2.98456151309675,2.0,11.0,0.0,0.0,4.0,2.0,0.0,0.0,0.0,0.0
221,13535,182068749,-2147440893,13,13,2,14,6.0,6.0,6,0.0,10,0,20.0,14,172.0,0.0,6.202030787307173,6.0,6.0,0.0,0.0,36.0,6.0,0.0,0.0,0.0,0.0
222,13535,182068749,-2147440893,13,13,2,14,6.0,6.0,6,0.0,10,0,20.0,14,172.0,0.0,6.202030787307173,6.0,6.0,0.0,0.0,36.0,6.0,0.0,0.0,0.0,0.0
223,13535,183121961,-2147440893,10,10,2,20,8.0,8.0,8,0.0,10,1,3.0,9,668.0,0.0,-1.23352051620404,0.0,8.0,0.0,0.0,0.0,0.0,0.0,0.0,0.0,0.0
224,13535,183121961,-2147440893,10,10,2,20,8.0,8.0,8,0.0,10,1,3.0,9,668.0,0.0,-1.23352051620404,0.0,8.0,0.0,0.0,0.0,0.0,0.0,0.0,0.0,0.0
225,13535,183122577,-2147440893,16,16,2,8,8.0,8.0,8,0.0,8,0,0.0,8,882.0,0.0,-0.936181268057469,0.0,8.0,0.0,0.0,0.0,0.0,0.0,0.0,0.0,0.0
226,13535,183122577,-2147440893,16,16,2,8,8.0,8.0,8,0.0,8,0,0.0,8,882.0,0.0,-0.936181268057469,0.0,8.0,0.0,0.0,0.0,0.0,0.0,0.0,0.0,0.0
227,13535,18493,-2147440893,16,16,2,6,3.0,3.0,3,0.0,6,0,0.0,6,364.0,0.0,4.243480721044824,3.0,3.0,0.0,0.0,9.0,3.0,0.0,0.0,0.0,0.0
228,13535,18493,-2147440893,16,16,2,6,3.0,3.0,3,0.0,6,0,0.0,6,364.0,0.0,4.243480721044824,3.0,3.0,0.0,0.0,9.0,3.0,0.0,0.0,0.0,0.0
229,13535,18493,-2147440892,16,14,3,8,2.0,2.0,2,1.0,5,0,0.0,6,364.0,0.0,2.5882941089036113,2.0,2.0,0.0,0.0,4.0,2.0,0.0,0.0,0.0,0.0
230,13535,18493,-2147440892,16,14,3,8,2.0,2.0,2,1.0,5,0,0.0,6,364.0,0.0,2.5882941089036113,2.0,2.0,0.0,0.0,4.0,2.0,0.0,0.0,0.0,0.0
231,13535,18876,-2147440893,16,7,2,15,14.0,16.0,15,9.0,20,0,0.0,20,578.0,0.0,2.005766683052178,2.0,16.0,0.0,0.0,4.0,2.0,0.0,0.0,0.0,0.0
232,13535,18876,-2147440893,16,7,2,15,14.0,16.0,15,9.0,20,0,0.0,20,578.0,0.0,2.005766683052178,2.0,16.0,0.0,0.0,4.0,2.0,0.0,0.0,0.0,0.0
233,13535,18876,-2147440892,16,7,2,20,19.0,20.0,19,9.0,8,0,3.0,8,578.0,0.0,2.0775301174807694,2.0,20.0,0.0,0.0,4.0,2.0,0.0,0.0,0.0,0.0
234,13535,18876,-2147440892,16,7,2,20,19.0,20.0,19,9.0,8,0,3.0,8,578.0,0.0,2.0775301174807694,2.0,20.0,0.0,0.0,4.0,2.0,0.0,0.0,0.0,0.0
235,13535,19037,-2147440893,16,16,2,16,14.0,14.0,14,0.0,8,0,10.0,9,364.0,0.0,4.218145322254818,4.0,14.0,0.0,0.0,16.0,4.0,0.0,0.0,0.0,0.0
236,13535,19037,-2147440893,16,16,2,16,14.0,14.0,14,0.0,8,0,10.0,9,364.0,0.0,4.218145322254818,4.0,14.0,0.0,0.0,16.0,4.0,0.0,0.0,0.0,0.0
237,13535,19442,-2147440893,9,9,2,32,2.0,2.0,2,0.0,50,0,206.0,31,60.0,0.0,4.853775539760857,2.0,2.0,13.0,169.0,4.0,2.0,13.0,0.0,0.0,0.0
238,13535,19442,-2147440893,9,9,2,32,2.0,2.0,2,0.0,50,0,206.0,31,60.0,0.0,4.853775539760857,2.0,2.0,13.0,169.0,4.0,2.0,13.0,0.0,0.0,0.0
239,13535,19783,-2147440893,7,5,2,24,15.0,31.0,23,2.0,10,0,13.0,41,699.0,0.0,2.2685324192758056,2.0,31.0,0.0,0.0,4.0,2.0,0.0,0.0,0.0,0.0
240,13535,19783,-2147440893,7,5,2,24,15.0,31.0,23,2.0,10,0,13.0,41,699.0,0.0,2.2685324192758056,2.0,31.0,0.0,0.0,4.0,2.0,0.0,0.0,0.0,0.0
241,13535,20233,-2147440893,16,5,5,19,6.0,10.0,8,2.75,6,0,6.0,8,213.0,0.0,6.434960982120095,6.0,10.0,0.0,0.0,36.0,6.0,0.0,0.0,0.0,0.0
242,13535,20233,-2147440893,16,5,5,19,6.0,10.0,8,2.75,6,0,6.0,8,213.0,0.0,6.434960982120095,6.0,10.0,0.0,0.0,36.0,6.0,0.0,0.0,0.0,0.0
243,13535,20233,-2147440892,5,5,2,15,3.0,3.0,3,0.0,10,0,20.0,14,244.0,0.0,5.484142677174676,3.0,3.0,0.0,0.0,9.0,3.0,0.0,0.0,0.0,0.0
244,13535,20233,-2147440892,5,5,2,15,3.0,3.0,3,0.0,10,0,20.0,14,244.0,0.0,5.484142677174676,3.0,3.0,0.0,0.0,9.0,3.0,0.0,0.0,0.0,0.0
245,13535,2033323,-2147440891,16,16,2,8,3.0,3.0,3,0.0,8,0,3.0,8,91.0,0.0,6.933245529071419,3.0,3.0,3.0,9.0,9.0,3.0,3.0,0.0,0.0,0.0
246,13535,2033323,-2147440891,16,16,2,8,3.0,3.0,3,0.0,8,0,3.0,8,91.0,0.0,6.933245529071419,3.0,3.0,3.0,9.0,9.0,3.0,3.0,0.0,0.0,0.0
247,13535,20666,-2147440891,14,5,3,8,8.0,10.0,8,4.5,8,0,0.0,10,335.0,0.0,4.881333468633114,4.0,10.0,0.0,0.0,16.0,4.0,0.0,0.0,0.0,0.0
248,13535,20829,-2147440892,16,16,2,4,2.0,2.0,2,0.0,6,0,6.0,8,578.0,0.0,2.169866804930974,2.0,2.0,0.0,0.0,4.0,2.0,0.0,0.0,0.0,0.0
249,13535,20829,-2147440892,16,16,2,4,2.0,2.0,2,0.0,6,0,6.0,8,578.0,0.0,2.169866804930974,2.0,2.0,0.0,0.0,4.0,2.0,0.0,0.0,0.0,0.0
250,13535,22038,-2147440893,11,6,2,16,6.0,13.0,9,5.0,10,0,13.0,13,183.0,0.0,6.08546122637892,6.0,13.0,0.0,0.0,36.0,6.0,0.0,0.0,0.0,0.0
251,13535,22038,-2147440893,11,6,2,16,6.0,13.0,9,5.0,10,0,13.0,13,183.0,0.0,6.08546122637892,6.0,13.0,0.0,0.0,36.0,6.0,0.0,0.0,0.0,0.0
252,13535,22170,-2147440892,7,6,3,2,2.0,2.0,2,0.5,3,0,3.0,2,122.0,0.0,1.6040663111923896,1.0,2.0,0.0,0.0,1.0,1.0,0.0,0.0,0.0,0.0
253,13535,22170,-2147440892,7,6,3,2,2.0,2.0,2,0.5,3,0,3.0,2,122.0,0.0,1.6040663111923896,1.0,2.0,0.0,0.0,1.0,1.0,0.0,0.0,0.0,0.0
254,13535,22170,-2147440891,12,7,2,3,2.0,3.0,2,5.0,3,0,0.0,3,183.0,0.0,6.07045545971258,3.0,3.0,0.0,0.0,9.0,3.0,0.0,0.0,0.0,0.0
255,13535,22577,-2147440892,16,7,3,18,7.0,20.0,12,4.5,20,0,0.0,20,363.0,0.0,9.810714874547502,9.0,20.0,0.0,0.0,81.0,9.0,0.0,0.0,0.0,0.0
256,13535,22577,-2147440892,16,7,3,18,7.0,20.0,12,4.5,20,0,0.0,20,363.0,0.0,9.810714874547502,9.0,20.0,0.0,0.0,81.0,9.0,0.0,0.0,0.0,0.0
257,13535,22896164,-2147440893,12,12,2,24,14.0,14.0,14,0.0,20,0,0.0,19,152.0,0.0,6.205845049591611,6.0,14.0,0.0,0.0,36.0,6.0,0.0,0.0,0.0,0.0
258,13535,22896164,-2147440893,12,12,2,24,14.0,14.0,14,0.0,20,0,0.0,19,152.0,0.0,6.205845049591611,6.0,14.0,0.0,0.0,36.0,6.0,0.0,0.0,0.0,0.0
259,13535,22896164,-2147440892,12,9,3,18,9.0,18.0,12,1.5,10,0,0.0,19,152.0,0.0,10.958777043307755,10.0,18.0,0.0,0.0,100.0,10.0,0.0,0.0,0.0,0.0
260,13535,23219,-2147440892,16,16,2,14,11.0,11.0,11,0.0,10,0,10.0,10,213.0,0.0,5.66143407138914,5.0,11.0,0.0,0.0,25.0,5.0,0.0,0.0,0.0,0.0
261,13535,23219,-2147440892,16,16,2,14,11.0,11.0,11,0.0,10,0,10.0,10,213.0,0.0,5.66143407138914,5.0,11.0,0.0,0.0,25.0,5.0,0.0,0.0,0.0,0.0
262,13535,23289586,-2147440892,12,10,2,3,1.0,2.0,1,2.0,4,0,0.0,3,244.0,0.0,5.407390482947957,2.0,2.0,0.0,0.0,4.0,2.0,0.0,0.0,0.0,0.0
263,13535,23324,-2147440892,16,11,12,84,15.0,91.0,54,0.45454545454545453,100,0,16.0,100,26.0,60.0,75.45274061483508,75.0,91.0,45.0,225.0,225.0,15.0,15.0,75.0,225.0,15.0
264,13535,23324,-2147440892,16,11,12,84,15.0,91.0,54,0.45454545454545453,100,0,16.0,100,26.0,60.0,75.45274061483508,75.0,91.0,45.0,225.0,225.0,15.0,15.0,75.0,225.0,15.0
265,13535,23349,-2147440892,16,16,2,12,3.0,3.0,3,0.0,20,0,26.0,11,152.0,0.0,5.675879635822113,3.0,3.0,0.0,0.0,9.0,3.0,0.0,0.0,0.0,0.0
266,13535,23349,-2147440892,16,16,2,12,3.0,3.0,3,0.0,20,0,26.0,11,152.0,0.0,5.675879635822113,3.0,3.0,0.0,0.0,9.0,3.0,0.0,0.0,0.0,0.0
267,13535,23437,-2147440892,10,10,2,21,48.0,48.0,48,0.0,18,0,6.0,22,91.0,0.0,7.03129960611642,7.0,48.0,9.0,81.0,49.0,7.0,9.0,0.0,0.0,0.0
268,13535,23437,-2147440892,10,10,2,21,48.0,48.0,48,0.0,18,0,6.0,22,91.0,0.0,7.03129960611642,7.0,48.0,9.0,81.0,49.0,7.0,9.0,0.0,0.0,0.0
269,13535,23680029,-2147440893,15,7,8,4,1.0,5.0,2,1.1428571428571428,5,0,6.0,4,13.0,0.0,4.960648895469787,4.0,5.0,1.0,1.0,16.0,4.0,1.0,4.0,16.0,4.0
270,13535,23680029,-2147440893,15,7,8,4,1.0,5.0,2,1.1428571428571428,5,0,6.0,4,13.0,0.0,4.960648895469787,4.0,5.0,1.0,1.0,16.0,4.0,1.0,4.0,16.0,4.0
271,13535,23680029,-2147440892,16,5,24,25,15.0,44.0,27,0.4782608695652174,14,0,126.0,33,6.0,32.0,14.992907391936674,14.0,44.0,14.0,324.0,324.0,18.0,18.0,14.0,324.0,18.0
272,13535,23680029,-2147440892,16,5,24,25,15.0,44.0,27,0.4782608695652174,14,0,126.0,33,6.0,32.0,14.992907391936674,14.0,44.0,14.0,324.0,324.0,18.0,18.0,14.0,324.0,18.0
273,13535,23897,-2147440893,15,5,3,18,3.0,9.0,7,5.0,20,0,0.0,20,143.0,0.0,11.135709293930903,9.0,9.0,0.0,0.0,81.0,9.0,0.0,0.0,0.0,0.0
274,13535,23912,-2147440893,16,6,2,10,8.0,11.0,9,10.0,10,0,0.0,10,121.0,0.0,6.636641365888371,6.0,11.0,0.0,0.0,36.0,6.0,0.0,0.0,0.0,0.0
275,13535,23912,-2147440893,16,6,2,10,8.0,11.0,9,10.0,10,0,0.0,10,121.0,0.0,6.636641365888371,6.0,11.0,0.0,0.0,36.0,6.0,0.0,0.0,0.0,0.0
276,13535,24198,-2147440892,13,13,2,9,4.0,4.0,4,0.0,6,0,3.0,8,395.0,0.0,4.011870830983385,4.0,4.0,0.0,0.0,16.0,4.0,0.0,0.0,0.0,0.0
277,13535,24198,-2147440892,13,13,2,9,4.0,4.0,4,0.0,6,0,3.0,8,395.0,0.0,4.011870830983385,4.0,4.0,0.0,0.0,16.0,4.0,0.0,0.0,0.0,0.0
278,13535,24221,-2147440891,16,10,4,17,4.0,10.0,5,2.0,20,0,0.0,20,456.0,0.0,0.8577881749928462,0.0,10.0,0.0,0.0,0.0,0.0,0.0,0.0,0.0,0.0
279,13535,24221,-2147440891,16,10,4,17,4.0,10.0,5,2.0,20,0,0.0,20,456.0,0.0,0.8577881749928462,0.0,10.0,0.0,0.0,0.0,0.0,0.0,0.0,0.0,0.0
280,13535,24338,-2147440893,16,8,4,18,5.0,13.0,9,2.6666666666666665,10,0,0.0,10,328.0,0.0,1.245664157702488,1.0,13.0,0.0,0.0,1.0,1.0,0.0,0.0,0.0,0.0
281,13535,24338,-2147440893,16,8,4,18,5.0,13.0,9,2.6666666666666665,10,0,0.0,10,328.0,0.0,1.245664157702488,1.0,13.0,0.0,0.0,1.0,1.0,0.0,0.0,0.0,0.0
282,13535,24878351,-2147440893,12,12,2,18,2.0,2.0,2,0.0,12,0,26.0,12,487.0,0.0,2.821965809474653,2.0,2.0,0.0,0.0,4.0,2.0,0.0,0.0,0.0,0.0
283,13535,24878351,-2147440893,12,12,2,18,2.0,2.0,2,0.0,12,0,26.0,12,487.0,0.0,2.821965809474653,2.0,2.0,0.0,0.0,4.0,2.0,0.0,0.0,0.0,0.0
284,13535,25088,-2147440893,10,5,3,28,5.0,12.0,7,2.5,10,0,13.0,18,152.0,0.0,9.185654222853323,9.0,12.0,0.0,0.0,81.0,9.0,0.0,0.0,0.0,0.0
285,13535,25088,-2147440893,10,5,3,28,5.0,12.0,7,2.5,10,0,13.0,18,152.0,0.0,9.185654222853323,9.0,12.0,0.0,0.0,81.0,9.0,0.0,0.0,0.0,0.0
286,13535,25088,-2147440892,10,10,2,30,2.0,2.0,2,0.0,10,0,10.0,19,152.0,0.0,6.696481397063156,2.0,2.0,0.0,0.0,4.0,2.0,0.0,0.0,0.0,0.0
287,13535,25088,-2147440892,10,10,2,30,2.0,2.0,2,0.0,10,0,10.0,19,152.0,0.0,6.696481397063156,2.0,2.0,0.0,0.0,4.0,2.0,0.0,0.0,0.0,0.0
288,13535,25089,-2147440893,5,5,2,18,1.0,1.0,1,0.0,40,0,106.0,35,213.0,0.0,4.645568818363666,1.0,1.0,0.0,0.0,1.0,1.0,0.0,0.0,0.0,0.0
289,13535,25089,-2147440893,5,5,2,18,1.0,1.0,1,0.0,40,0,106.0,35,213.0,0.0,4.645568818363666,1.0,1.0,0.0,0.0,1.0,1.0,0.0,0.0,0.0,0.0
290,13535,25157,-2147440893,16,12,2,14,2.0,4.0,3,4.0,6,0,0.0,10,91.0,0.0,7.155178278941946,4.0,4.0,4.0,16.0,16.0,4.0,4.0,0.0,0.0,0.0
291,13535,25157,-2147440893,16,12,2,14,2.0,4.0,3,4.0,6,0,0.0,10,91.0,0.0,7.155178278941946,4.0,4.0,4.0,16.0,16.0,4.0,4.0,0.0,0.0,0.0
292,13535,25431,-2147440893,12,12,2,28,23.0,23.0,23,0.0,10,0,0.0,25,821.0,0.0,0.3685679046568282,0.0,23.0,0.0,0.0,0.0,0.0,0.0,0.0,0.0,0.0
293,13535,26839,-2147440891,14,14,2,16,16.0,16.0,16,0.0,10,0,0.0,20,395.0,0.0,4.37894113088486,4.0,16.0,0.0,0.0,16.0,4.0,0.0,0.0,0.0,0.0
294,13535,27323,-2147440893,7,7,2,12,6.0,6.0,6,0.0,10,0,0.0,8,303.0,0.0,4.727127184008856,4.0,6.0,0.0,0.0,16.0,4.0,0.0,0.0,0.0,0.0
295,13535,2734857,-2147440893,9,7,2,16,2.0,10.0,6,2.0,20,0,20.0,14,35.0,0.0,7.019470162285595,7.0,10.0,6.0,36.0,49.0,7.0,6.0,0.0,0.0,0.0
296,13535,2734857,-2147440893,9,7,2,16,2.0,10.0,6,2.0,20,0,20.0,14,35.0,0.0,7.019470162285595,7.0,10.0,6.0,36.0,49.0,7.0,6.0,0.0,0.0,0.0
297,13535,2734857,-2147440892,9,9,2,18,8.0,8.0,8,0.0,8,0,6.0,13,60.0,0.0,7.462095922413182,7.0,8.0,5.0,25.0,49.0,7.0,5.0,0.0,0.0,0.0
298,13535,2734857,-2147440892,9,9,2,18,8.0,8.0,8,0.0,8,0,6.0,13,60.0,0.0,7.462095922413182,7.0,8.0,5.0,25.0,49.0,7.0,5.0,0.0,0.0,0.0
299,13535,2734935,-2147440892,12,12,2,42,21.0,21.0,21,0.0,20,0,0.0,40,244.0,0.0,6.284495562168264,6.0,21.0,0.0,0.0,36.0,6.0,0.0,0.0,0.0,0.0
300,13535,27662601,-2147440890,12,12,2,9,5.0,5.0,5,0.0,10,1,0.0,8,821.0,0.0,-2.7890872891811345,0.0,5.0,0.0,0.0,0.0,0.0,0.0,0.0,0.0,0.0
301,13535,28250,-2147440892,7,7,2,2,1.0,1.0,1,0.0,2,0,3.0,2,91.0,0.0,6.97781311935187,1.0,1.0,0.0,0.0,1.0,1.0,0.0,0.0,0.0,0.0
302,13535,28250,-2147440892,7,7,2,2,1.0,1.0,1,0.0,2,0,3.0,2,91.0,0.0,6.97781311935187,1.0,1.0,0.0,0.0,1.0,1.0,0.0,0.0,0.0,0.0
303,13535,28601,-2147440893,9,9,2,18,38.0,38.0,38,0.0,10,0,3.0,9,456.0,0.0,3.2316694889228366,3.0,38.0,0.0,0.0,9.0,3.0,0.0,0.0,0.0,0.0
304,13535,28601,-2147440893,9,9,2,18,38.0,38.0,38,0.0,10,0,3.0,9,456.0,0.0,3.2316694889228366,3.0,38.0,0.0,0.0,9.0,3.0,0.0,0.0,0.0,0.0
305,13535,28603,-2147440893,10,9,3,21,4.0,24.0,10,0.5,15,0,0.0,9,183.0,0.0,4.926300073574374,4.0,24.0,0.0,0.0,16.0,4.0,0.0,0.0,0.0,0.0
306,13535,290311753,-2147440893,10,7,2,12,7.0,8.0,7,3.0,5,0,0.0,8,122.0,0.0,6.806089211492678,6.0,8.0,0.0,0.0,36.0,6.0,0.0,0.0,0.0,0.0
307,13535,290311753,-2147440893,10,7,2,12,7.0,8.0,7,3.0,5,0,0.0,8,122.0,0.0,6.806089211492678,6.0,8.0,0.0,0.0,36.0,6.0,0.0,0.0,0.0,0.0
308,13535,290311753,-2147440892,12,12,2,8,1.0,1.0,1,0.0,9,0,13.0,8,183.0,0.0,5.90318401778093,1.0,1.0,0.0,0.0,1.0,1.0,0.0,0.0,0.0,0.0
309,13535,290311753,-2147440892,12,12,2,8,1.0,1.0,1,0.0,9,0,13.0,8,183.0,0.0,5.90318401778093,1.0,1.0,0.0,0.0,1.0,1.0,0.0,0.0,0.0,0.0
310,13535,290311753,-2147440891,12,7,2,5,2.0,3.0,2,5.0,5,0,33.0,5,364.0,0.0,4.059819445302804,3.0,3.0,0.0,0.0,9.0,3.0,0.0,0.0,0.0,0.0
311,13535,290311753,-2147440891,12,7,2,5,2.0,3.0,2,5.0,5,0,33.0,5,364.0,0.0,4.059819445302804,3.0,3.0,0.0,0.0,9.0,3.0,0.0,0.0,0.0,0.0
312,13535,29280,-2147440893,9,9,2,25,25.0,25.0,25,0.0,30,0,26.0,10,303.0,0.0,3.57434028519269,3.0,25.0,0.0,0.0,9.0,3.0,0.0,0.0,0.0,0.0
313,13535,29280,-2147440893,9,9,2,25,25.0,25.0,25,0.0,30,0,26.0,10,303.0,0.0,3.57434028519269,3.0,25.0,0.0,0.0,9.0,3.0,0.0,0.0,0.0,0.0
314,13535,29280,-2147440892,9,9,2,13,19.0,19.0,19,0.0,10,0,3.0,17,303.0,0.0,5.136592003577192,5.0,19.0,0.0,0.0,25.0,5.0,0.0,0.0,0.0,0.0
315,13535,29280,-2147440892,9,9,2,13,19.0,19.0,19,0.0,10,0,3.0,17,303.0,0.0,5.136592003577192,5.0,19.0,0.0,0.0,25.0,5.0,0.0,0.0,0.0,0.0
316,13535,29312,-2147440892,7,7,2,8,3.0,3.0,3,0.0,8,0,30.0,8,304.0,0.0,4.653147488071973,3.0,3.0,0.0,0.0,9.0,3.0,0.0,0.0,0.0,0.0
317,13535,29312,-2147440892,7,7,2,8,3.0,3.0,3,0.0,8,0,30.0,8,304.0,0.0,4.653147488071973,3.0,3.0,0.0,0.0,9.0,3.0,0.0,0.0,0.0,0.0
318,13535,29312,-2147437246,9,9,2,7,7.0,7.0,7,0.0,10,0,0.0,9,123.0,0.0,6.56927374441795,6.0,7.0,0.0,0.0,36.0,6.0,0.0,0.0,0.0,0.0
319,13535,29312,-2147437246,9,9,2,7,7.0,7.0,7,0.0,10,0,0.0,9,123.0,0.0,6.56927374441795,6.0,7.0,0.0,0.0,36.0,6.0,0.0,0.0,0.0,0.0
320,13535,2936134,-2147440892,12,7,4,20,5.0,10.0,7,1.6666666666666667,15,0,13.0,23,122.0,0.0,7.336800832599109,7.0,10.0,0.0,0.0,49.0,7.0,0.0,0.0,0.0,0.0
321,13535,2936134,-2147440892,12,7,4,20,5.0,10.0,7,1.6666666666666667,15,0,13.0,23,122.0,0.0,7.336800832599109,7.0,10.0,0.0,0.0,49.0,7.0,0.0,0.0,0.0,0.0
322,13535,2936337,-2147440893,14,14,2,14,14.0,14.0,14,0.0,10,0,23.0,11,487.0,0.0,2.9016197041116314,2.0,14.0,0.0,0.0,4.0,2.0,0.0,0.0,0.0,0.0
323,13535,2936337,-2147440893,14,14,2,14,14.0,14.0,14,0.0,10,0,23.0,11,487.0,0.0,2.9016197041116314,2.0,14.0,0.0,0.0,4.0,2.0,0.0,0.0,0.0,0.0
324,13535,2938293,-2147440892,10,10,2,17,7.0,7.0,7,0.0,20,0,0.0,20,30.0,20.0,7.469692854616193,7.0,7.0,9.0,121.0,169.0,13.0,11.0,0.0,400.0,20.0
325,13535,2938293,-2147440892,10,10,2,17,7.0,7.0,7,0.0,20,0,0.0,20,30.0,20.0,7.469692854616193,7.0,7.0,9.0,121.0,169.0,13.0,11.0,0.0,400.0,20.0
326,13535,2938445,-2147440893,15,13,2,10,9.0,11.0,10,2.0,4,0,0.0,10,364.0,0.0,4.5428942949387405,4.0,11.0,0.0,0.0,16.0,4.0,0.0,0.0,0.0,0.0
327,13535,2938689,-2147440893,7,7,2,13,18.0,18.0,18,0.0,20,0,0.0,19,90.0,0.0,6.824026477761262,6.0,18.0,8.0,64.0,36.0,6.0,8.0,0.0,0.0,0.0
328,13535,2939186,-2147440893,6,6,2,19,5.0,5.0,5,0.0,20,0,86.0,18,244.0,0.0,4.743127234662637,4.0,5.0,0.0,0.0,16.0,4.0,0.0,0.0,0.0,0.0
329,13535,2939186,-2147440893,6,6,2,19,5.0,5.0,5,0.0,20,0,86.0,18,244.0,0.0,4.743127234662637,4.0,5.0,0.0,0.0,16.0,4.0,0.0,0.0,0.0,0.0
330,13535,2939186,-2147440892,14,7,2,19,18.0,20.0,19,7.0,20,0,0.0,20,244.0,0.0,5.335969860611268,5.0,20.0,0.0,0.0,25.0,5.0,0.0,0.0,0.0,0.0
331,13535,2941705,-2147440892,16,5,3,4,1.0,1.0,1,5.5,5,0,13.0,5,334.0,0.0,0.9958523456378244,0.0,1.0,0.0,0.0,0.0,0.0,0.0,0.0,0.0,0.0
332,13535,2941705,-2147440892,16,5,3,4,1.0,1.0,1,5.5,5,0,13.0,5,334.0,0.0,0.9958523456378244,0.0,1.0,0.0,0.0,0.0,0.0,0.0,0.0,0.0,0.0
333,13535,2944107,-2147440892,10,10,2,5,1.0,1.0,1,0.0,5,0,6.0,5,456.0,0.0,3.2988636864354177,1.0,1.0,0.0,0.0,1.0,1.0,0.0,0.0,0.0,0.0
334,13535,2944107,-2147440892,10,10,2,5,1.0,1.0,1,0.0,5,0,6.0,5,456.0,0.0,3.2988636864354177,1.0,1.0,0.0,0.0,1.0,1.0,0.0,0.0,0.0,0.0
335,13535,2944495,-2147440893,9,9,2,16,6.0,6.0,6,0.0,20,0,73.0,19,487.0,0.0,2.4429587146166547,2.0,6.0,0.0,0.0,4.0,2.0,0.0,0.0,0.0,0.0
336,13535,2944495,-2147440893,9,9,2,16,6.0,6.0,6,0.0,20,0,73.0,19,487.0,0.0,2.4429587146166547,2.0,6.0,0.0,0.0,4.0,2.0,0.0,0.0,0.0,0.0
337,13535,2944739,-2147440893,16,6,2,4,3.0,4.0,3,10.0,4,0,0.0,4,303.0,0.0,4.866547344445008,4.0,4.0,0.0,0.0,16.0,4.0,0.0,0.0,0.0,0.0
338,13535,2944739,-2147440893,16,6,2,4,3.0,4.0,3,10.0,4,0,0.0,4,303.0,0.0,4.866547344445008,4.0,4.0,0.0,0.0,16.0,4.0,0.0,0.0,0.0,0.0
339,13535,2947610,-2147440893,14,9,3,18,17.0,19.0,18,2.5,20,0,13.0,20,334.0,0.0,8.774834902458448,8.0,19.0,0.0,0.0,64.0,8.0,0.0,0.0,0.0,0.0
340,13535,2947610,-2147440893,14,9,3,18,17.0,19.0,18,2.5,20,0,13.0,20,334.0,0.0,8.774834902458448,8.0,19.0,0.0,0.0,64.0,8.0,0.0,0.0,0.0,0.0
341,13535,2947610,-2147440892,16,9,2,29,29.0,30.0,29,7.0,30,0,0.0,30,456.0,0.0,3.147908885864828,3.0,30.0,0.0,0.0,9.0,3.0,0.0,0.0,0.0,0.0
342,13535,2947610,-2147440892,16,9,2,29,29.0,30.0,29,7.0,30,0,0.0,30,456.0,0.0,3.147908885864828,3.0,30.0,0.0,0.0,9.0,3.0,0.0,0.0,0.0,0.0
343,13535,2947610,-2147440891,14,9,2,5,5.0,5.0,5,5.0,5,0,0.0,5,334.0,0.0,4.5500286986467735,4.0,5.0,0.0,0.0,16.0,4.0,0.0,0.0,0.0,0.0
344,13535,2948569,-2147440893,12,12,2,4,13.0,13.0,13,0.0,10,0,0.0,10,487.0,0.0,2.9873768060481716,2.0,13.0,0.0,0.0,4.0,2.0,0.0,0.0,0.0,0.0
345,13535,2948569,-2147440892,12,12,2,5,7.0,7.0,7,0.0,5,0,0.0,10,487.0,0.0,3.261647890004463,3.0,7.0,0.0,0.0,9.0,3.0,0.0,0.0,0.0,0.0
346,13535,2949114,-2147440893,6,6,2,19,19.0,19.0,19,0.0,10,0,0.0,13,183.0,0.0,6.1607387929522694,6.0,19.0,0.0,0.0,36.0,6.0,0.0,0.0,0.0,0.0
347,13535,2950037,-2147440893,5,5,2,28,7.0,7.0,7,0.0,12,0,0.0,23,334.0,0.0,5.019722312509261,5.0,7.0,0.0,0.0,25.0,5.0,0.0,0.0,0.0,0.0
348,13535,2952064,-2147440893,16,12,3,46,38.0,57.0,44,2.0,16,0,10.0,20,121.0,0.0,10.512968030968592,10.0,57.0,0.0,0.0,100.0,10.0,0.0,0.0,0.0,0.0
349,13535,2952064,-2147440893,16,12,3,46,38.0,57.0,44,2.0,16,0,10.0,20,121.0,0.0,10.512968030968592,10.0,57.0,0.0,0.0,100.0,10.0,0.0,0.0,0.0,0.0
350,13535,2952064,-2147440892,16,16,2,12,13.0,13.0,13,0.0,14,0,20.0,16,121.0,0.0,6.58597056830836,6.0,13.0,0.0,0.0,36.0,6.0,0.0,0.0,0.0,0.0
351,13535,2952064,-2147440892,16,16,2,12,13.0,13.0,13,0.0,14,0,20.0,16,121.0,0.0,6.58597056830836,6.0,13.0,0.0,0.0,36.0,6.0,0.0,0.0,0.0,0.0
352,13535,2952552,-2147440893,13,6,3,8,1.0,8.0,3,3.5,10,0,23.0,8,60.0,0.0,3.182714538654383,3.0,8.0,3.0,9.0,9.0,3.0,3.0,0.0,0.0,0.0
353,13535,2952552,-2147440893,13,6,3,8,1.0,8.0,3,3.5,10,0,23.0,8,60.0,0.0,3.182714538654383,3.0,8.0,3.0,9.0,9.0,3.0,3.0,0.0,0.0,0.0
354,13535,2952648,-2147440892,14,14,2,15,12.0,12.0,12,0.0,10,0,0.0,10,301.0,0.0,4.841921090557127,4.0,12.0,0.0,0.0,16.0,4.0,0.0,0.0,0.0,0.0
355,13535,2955322,-2147440893,9,9,2,10,10.0,10.0,10,0.0,10,0,0.0,8,132.0,0.0,6.4321114455735415,6.0,10.0,0.0,0.0,36.0,6.0,0.0,0.0,0.0,0.0
356,13535,2955322,-2147440892,9,9,2,7,2.0,2.0,2,0.0,6,0,0.0,11,81.0,0.0,7.302311245982642,2.0,2.0,4.0,16.0,4.0,2.0,4.0,0.0,0.0,0.0
357,13535,2959466,-2147440893,14,14,2,5,5.0,5.0,5,0.0,10,0,6.0,8,183.0,0.0,5.888863875298396,5.0,5.0,0.0,0.0,25.0,5.0,0.0,0.0,0.0,0.0
358,13535,2959466,-2147440893,14,14,2,5,5.0,5.0,5,0.0,10,0,6.0,8,183.0,0.0,5.888863875298396,5.0,5.0,0.0,0.0,25.0,5.0,0.0,0.0,0.0,0.0
359,13535,2964977,-2147440893,16,10,2,19,18.0,20.0,19,6.0,20,0,0.0,20,517.0,0.0,2.6139774430255436,2.0,20.0,0.0,0.0,4.0,2.0,0.0,0.0,0.0,0.0
360,13535,2964977,-2147440893,16,10,2,19,18.0,20.0,19,6.0,20,0,0.0,20,517.0,0.0,2.6139774430255436,2.0,20.0,0.0,0.0,4.0,2.0,0.0,0.0,0.0,0.0
361,13535,29835,-2147440893,12,11,3,23,10.0,12.0,11,0.5,12,0,0.0,19,425.0,0.0,9.226608110967785,9.0,12.0,0.0,0.0,81.0,9.0,0.0,0.0,0.0,0.0
362,13535,30201,-2147440893,16,7,2,27,25.0,30.0,27,9.0,40,0,0.0,30,333.0,0.0,3.8257589060952633,3.0,30.0,0.0,0.0,9.0,3.0,0.0,0.0,0.0,0.0
363,13535,30201,-2147440893,16,7,2,27,25.0,30.0,27,9.0,40,0,0.0,30,333.0,0.0,3.8257589060952633,3.0,30.0,0.0,0.0,9.0,3.0,0.0,0.0,0.0,0.0
364,13535,30201,-2147440892,16,14,4,33,13.0,21.0,17,0.6666666666666666,12,0,10.0,28,334.0,0.0,5.157379050345192,5.0,21.0,0.0,0.0,25.0,5.0,0.0,0.0,0.0,0.0
365,13535,30201,-2147440892,16,14,4,33,13.0,21.0,17,0.6666666666666666,12,0,10.0,28,334.0,0.0,5.157379050345192,5.0,21.0,0.0,0.0,25.0,5.0,0.0,0.0,0.0,0.0
366,13535,30201,-2147440891,16,7,3,5,5.0,5.0,5,4.5,5,1,0.0,5,334.0,0.0,3.152462237116922,3.0,5.0,0.0,0.0,9.0,3.0,0.0,0.0,0.0,0.0
367,13535,30201,-2147440891,16,7,3,5,5.0,5.0,5,4.5,5,1,0.0,5,334.0,0.0,3.152462237116922,3.0,5.0,0.0,0.0,9.0,3.0,0.0,0.0,0.0,0.0
368,13535,30201,-2147437246,16,14,2,7,5.0,9.0,7,2.0,10,0,0.0,10,333.0,0.0,4.522859708276016,4.0,9.0,0.0,0.0,16.0,4.0,0.0,0.0,0.0,0.0
369,13535,30201,-2147437246,16,14,2,7,5.0,9.0,7,2.0,10,0,0.0,10,333.0,0.0,4.522859708276016,4.0,9.0,0.0,0.0,16.0,4.0,0.0,0.0,0.0,0.0
370,13535,30288,-2147440893,9,9,2,12,12.0,12.0,12,0.0,10,0,0.0,16,183.0,0.0,6.3030176481858184,6.0,12.0,0.0,0.0,36.0,6.0,0.0,0.0,0.0,0.0
371,13535,305714882,-2147437246,14,8,4,5,5.0,5.0,5,2.0,5,0,0.0,5,20.0,5.0,5.645783159365435,5.0,5.0,2.0,9.0,0.0,0.0,3.0,5.0,0.0,0.0
372,13535,30825,-2147440893,12,12,2,12,4.0,4.0,4,0.0,20,0,120.0,31,456.0,0.0,3.0490074935627973,3.0,4.0,0.0,0.0,9.0,3.0,0.0,0.0,0.0,0.0
373,13535,30825,-2147440893,12,12,2,12,4.0,4.0,4,0.0,20,0,120.0,31,456.0,0.0,3.0490074935627973,3.0,4.0,0.0,0.0,9.0,3.0,0.0,0.0,0.0,0.0
374,13535,30825,-2147440892,12,7,3,43,23.0,32.0,26,2.5,16,0,0.0,49,152.0,0.0,27.57239790002852,27.0,32.0,0.0,0.0,729.0,27.0,0.0,0.0,0.0,0.0
375,13535,31021,-2147440893,16,11,2,12,6.0,9.0,7,5.0,5,0,0.0,5,759.0,0.0,0.31249471522577466,0.0,9.0,0.0,0.0,0.0,0.0,0.0,0.0,0.0,0.0
376,13535,31021,-2147440893,16,11,2,12,6.0,9.0,7,5.0,5,0,0.0,5,759.0,0.0,0.31249471522577466,0.0,9.0,0.0,0.0,0.0,0.0,0.0,0.0,0.0,0.0
377,13535,31021,-2147440892,14,9,4,13,1.0,3.0,2,1.6666666666666667,10,0,0.0,12,457.0,0.0,-0.49119743537245775,0.0,3.0,0.0,0.0,0.0,0.0,0.0,0.0,0.0,0.0
378,13535,31201,-2147440893,9,9,2,19,18.0,18.0,18,0.0,16,0,26.0,17,244.0,0.0,5.262552739396053,5.0,18.0,0.0,0.0,25.0,5.0,0.0,0.0,0.0,0.0
379,13535,31201,-2147440893,9,9,2,19,18.0,18.0,18,0.0,16,0,26.0,17,244.0,0.0,5.262552739396053,5.0,18.0,0.0,0.0,25.0,5.0,0.0,0.0,0.0,0.0
380,13535,31789,-2147440893,14,10,4,18,17.0,19.0,18,1.3333333333333333,10,0,0.0,20,729.0,0.0,-3.232462797364109,0.0,19.0,0.0,0.0,0.0,0.0,0.0,0.0,0.0,0.0
381,13535,31800,-2147440893,7,7,2,19,11.0,11.0,11,0.0,14,0,76.0,11,395.0,0.0,3.2926034626672873,3.0,11.0,0.0,0.0,9.0,3.0,0.0,0.0,0.0,0.0
382,13535,31800,-2147440893,7,7,2,19,11.0,11.0,11,0.0,14,0,76.0,11,395.0,0.0,3.2926034626672873,3.0,11.0,0.0,0.0,9.0,3.0,0.0,0.0,0.0,0.0
383,13535,31852,-2147440892,10,10,2,7,6.0,6.0,6,0.0,5,0,3.0,8,303.0,0.0,4.984026521832835,4.0,6.0,0.0,0.0,16.0,4.0,0.0,0.0,0.0,0.0
384,13535,31852,-2147440892,10,10,2,7,6.0,6.0,6,0.0,5,0,3.0,8,303.0,0.0,4.984026521832835,4.0,6.0,0.0,0.0,16.0,4.0,0.0,0.0,0.0,0.0
385,13535,32400,-2147440893,14,9,6,6,1.0,2.0,1,1.0,4,0,0.0,4,548.0,0.0,7.0491803276852965,2.0,2.0,0.0,0.0,4.0,2.0,0.0,2.0,4.0,2.0
386,13535,32522816,-2147440892,16,5,20,4,1.0,4.0,2,0.5789473684210527,7,0,6.0,7,54.0,0.0,-0.9980823501744251,0.0,4.0,3.0,9.0,0.0,0.0,3.0,0.0,0.0,0.0
387,13535,32522816,-2147440892,16,5,20,4,1.0,4.0,2,0.5789473684210527,7,0,6.0,7,54.0,0.0,-0.9980823501744251,0.0,4.0,3.0,9.0,0.0,0.0,3.0,0.0,0.0,0.0
388,13535,32522816,-2147440891,16,15,4,6,6.0,6.0,6,0.3333333333333333,6,0,0.0,6,66.0,0.0,5.034679128544349,5.0,6.0,2.0,4.0,25.0,5.0,2.0,5.0,25.0,5.0
389,13535,32522816,-2147440891,16,15,4,6,6.0,6.0,6,0.3333333333333333,6,0,0.0,6,66.0,0.0,5.034679128544349,5.0,6.0,2.0,4.0,25.0,5.0,2.0,5.0,25.0,5.0
390,13535,32784,-2147440893,13,9,2,18,15.0,19.0,17,4.0,14,0,0.0,18,275.0,0.0,5.261151877118293,5.0,19.0,0.0,0.0,25.0,5.0,0.0,0.0,0.0,0.0
391,13535,32955,-2147440892,16,12,2,6,3.0,9.0,6,4.0,10,0,3.0,10,395.0,0.0,3.8873065339740513,3.0,9.0,0.0,0.0,9.0,3.0,0.0,0.0,0.0,0.0
392,13535,32955,-2147440892,16,12,2,6,3.0,9.0,6,4.0,10,0,3.0,10,395.0,0.0,3.8873065339740513,3.0,9.0,0.0,0.0,9.0,3.0,0.0,0.0,0.0,0.0
393,13535,33136,-2147440891,14,5,3,2,1.0,1.0,1,4.5,2,0,0.0,2,614.0,0.0,-1.0357623721155838,0.0,1.0,0.0,0.0,0.0,0.0,0.0,0.0,0.0,0.0
394,13535,33333110,-2147440893,16,5,19,14,6.0,15.0,12,0.6111111111111112,12,0,0.0,8,31.0,8.0,25.49999994440131,15.0,15.0,3.0,25.0,49.0,7.0,5.0,15.0,49.0,7.0
395,13535,33333110,-2147440893,16,5,19,14,6.0,15.0,12,0.6111111111111112,12,0,0.0,8,31.0,8.0,25.49999994440131,15.0,15.0,3.0,25.0,49.0,7.0,5.0,15.0,49.0,7.0
396,13535,33580,-2147440892,16,9,4,5,1.0,3.0,2,2.3333333333333335,5,0,3.0,4,91.0,0.0,4.105274084608823,3.0,3.0,1.0,1.0,9.0,3.0,1.0,0.0,0.0,0.0
397,13535,33580,-2147440892,16,9,4,5,1.0,3.0,2,2.3333333333333335,5,0,3.0,4,91.0,0.0,4.105274084608823,3.0,3.0,1.0,1.0,9.0,3.0,1.0,0.0,0.0,0.0
398,13535,33580,-2147440890,16,10,5,17,1.0,7.0,2,1.5,12,1,3.0,11,91.0,0.0,1.0197492373380133,1.0,7.0,4.0,16.0,1.0,1.0,4.0,0.0,0.0,0.0
399,13535,33580,-2147440890,16,10,5,17,1.0,7.0,2,1.5,12,1,3.0,11,91.0,0.0,1.0197492373380133,1.0,7.0,4.0,16.0,1.0,1.0,4.0,0.0,0.0,0.0
400,13535,33580,-2147437246,16,12,2,2,1.0,1.0,1,4.0,2,0,3.0,2,244.0,0.0,5.4523008853203105,1.0,1.0,0.0,0.0,1.0,1.0,0.0,0.0,0.0,0.0
401,13535,33580,-2147437246,16,12,2,2,1.0,1.0,1,4.0,2,0,3.0,2,244.0,0.0,5.4523008853203105,1.0,1.0,0.0,0.0,1.0,1.0,0.0,0.0,0.0,0.0
402,13535,33797,-2147440893,12,7,6,29,1.0,10.0,6,1.0,10,0,43.0,15,60.0,0.0,-0.8860430445490248,0.0,10.0,6.0,36.0,0.0,0.0,6.0,0.0,0.0,0.0
403,13535,33797,-2147440893,12,7,6,29,1.0,10.0,6,1.0,10,0,43.0,15,60.0,0.0,-0.8860430445490248,0.0,10.0,6.0,36.0,0.0,0.0,6.0,0.0,0.0,0.0
404,13535,34730,-2147440892,16,5,4,6,4.0,4.0,4,3.6666666666666665,4,0,3.0,4,152.0,0.0,3.1153133314412256,3.0,4.0,0.0,0.0,9.0,3.0,0.0,0.0,0.0,0.0
405,13535,34730,-2147440892,16,5,4,6,4.0,4.0,4,3.6666666666666665,4,0,3.0,4,152.0,0.0,3.1153133314412256,3.0,4.0,0.0,0.0,9.0,3.0,0.0,0.0,0.0,0.0
406,13535,34737,-2147440893,10,9,3,18,6.0,10.0,8,0.5,10,0,0.0,18,122.0,0.0,10.57687360741338,10.0,10.0,0.0,0.0,100.0,10.0,0.0,0.0,0.0,0.0
407,13535,34802,-2147440892,9,9,2,24,1.0,1.0,1,0.0,20,0,3.0,22,122.0,0.0,6.629872204581389,1.0,1.0,0.0,0.0,1.0,1.0,0.0,0.0,0.0,0.0
408,13535,34802,-2147440892,9,9,2,24,1.0,1.0,1,0.0,20,0,3.0,22,122.0,0.0,6.629872204581389,1.0,1.0,0.0,0.0,1.0,1.0,0.0,0.0,0.0,0.0
409,13535,35120,-2147440892,10,10,2,19,10.0,10.0,10,0.0,20,0,0.0,21,364.0,0.0,4.186915962134954,4.0,10.0,0.0,0.0,16.0,4.0,0.0,0.0,0.0,0.0
410,13535,35942,-2147440892,13,9,3,4,1.0,3.0,1,2.0,5,0,6.0,4,183.0,0.0,1.994524170527388,1.0,3.0,0.0,0.0,1.0,1.0,0.0,0.0,0.0,0.0
411,13535,35942,-2147440892,13,9,3,4,1.0,3.0,1,2.0,5,0,6.0,4,183.0,0.0,1.994524170527388,1.0,3.0,0.0,0.0,1.0,1.0,0.0,0.0,0.0,0.0
412,13535,38256,-2147440893,13,13,2,20,4.0,4.0,4,0.0,15,0,16.0,20,213.0,0.0,5.826682345946722,4.0,4.0,0.0,0.0,16.0,4.0,0.0,0.0,0.0,0.0
413,13535,38256,-2147440893,13,13,2,20,4.0,4.0,4,0.0,15,0,16.0,20,213.0,0.0,5.826682345946722,4.0,4.0,0.0,0.0,16.0,4.0,0.0,0.0,0.0,0.0
414,13535,3878074,-2147440893,16,5,2,14,12.0,16.0,14,11.0,10,0,0.0,12,275.0,0.0,5.196011033816227,5.0,16.0,0.0,0.0,25.0,5.0,0.0,0.0,0.0,0.0
415,13535,3878074,-2147440893,16,5,2,14,12.0,16.0,14,11.0,10,0,0.0,12,275.0,0.0,5.196011033816227,5.0,16.0,0.0,0.0,25.0,5.0,0.0,0.0,0.0,0.0
416,13535,3878556,-2147440893,11,11,2,25,4.0,4.0,4,0.0,20,0,26.0,11,91.0,0.0,6.284090395795479,4.0,4.0,4.0,16.0,16.0,4.0,4.0,0.0,0.0,0.0
417,13535,3878556,-2147440893,11,11,2,25,4.0,4.0,4,0.0,20,0,26.0,11,91.0,0.0,6.284090395795479,4.0,4.0,4.0,16.0,16.0,4.0,4.0,0.0,0.0,0.0
418,13535,3880435,-2147440891,15,5,5,15,1.0,9.0,3,2.5,12,0,36.0,16,40.0,0.0,6.259750680772083,6.0,9.0,7.0,49.0,36.0,6.0,7.0,0.0,0.0,0.0
419,13535,3880435,-2147440891,15,5,5,15,1.0,9.0,3,2.5,12,0,36.0,16,40.0,0.0,6.259750680772083,6.0,9.0,7.0,49.0,36.0,6.0,7.0,0.0,0.0,0.0
420,13535,3887078,-2147440892,7,7,2,15,12.0,12.0,12,0.0,10,0,23.0,10,244.0,0.0,5.2770657907309655,5.0,12.0,0.0,0.0,25.0,5.0,0.0,0.0,0.0,0.0
421,13535,3887078,-2147440892,7,7,2,15,12.0,12.0,12,0.0,10,0,23.0,10,244.0,0.0,5.2770657907309655,5.0,12.0,0.0,0.0,25.0,5.0,0.0,0.0,0.0,0.0
422,13535,3888663,-2147440893,14,14,2,24,6.0,6.0,6,0.0,16,0,70.0,27,213.0,0.0,5.791120694318806,5.0,6.0,0.0,0.0,25.0,5.0,0.0,0.0,0.0,0.0
423,13535,3888663,-2147440893,14,14,2,24,6.0,6.0,6,0.0,16,0,70.0,27,213.0,0.0,5.791120694318806,5.0,6.0,0.0,0.0,25.0,5.0,0.0,0.0,0.0,0.0
424,13535,3888663,-2147440892,14,14,2,8,7.0,7.0,7,0.0,10,0,0.0,10,213.0,0.0,5.719339891830179,5.0,7.0,0.0,0.0,25.0,5.0,0.0,0.0,0.0,0.0
425,13535,3888859,-2147440893,9,9,2,16,6.0,6.0,6,0.0,10,0,3.0,7,91.0,0.0,6.776110810411051,6.0,6.0,3.0,9.0,36.0,6.0,3.0,0.0,0.0,0.0
426,13535,3888859,-2147440893,9,9,2,16,6.0,6.0,6,0.0,10,0,3.0,7,91.0,0.0,6.776110810411051,6.0,6.0,3.0,9.0,36.0,6.0,3.0,0.0,0.0,0.0
427,13535,3903085,-2147440893,14,9,3,41,10.0,37.0,19,2.5,14,0,0.0,32,287.0,0.0,17.283368072191543,17.0,37.0,0.0,0.0,289.0,17.0,0.0,0.0,0.0,0.0
428,13535,3905347,-2147440892,13,10,4,67,2.0,2.0,2,1.0,80,0,216.0,73,456.0,0.0,4.800132147260123,2.0,2.0,0.0,0.0,4.0,2.0,0.0,0.0,0.0,0.0
429,13535,3905347,-2147440892,13,10,4,67,2.0,2.0,2,1.0,80,0,216.0,73,456.0,0.0,4.800132147260123,2.0,2.0,0.0,0.0,4.0,2.0,0.0,0.0,0.0,0.0
430,13535,3910058,-2147440893,14,9,3,31,20.0,28.0,25,2.5,10,0,26.0,21,364.0,0.0,8.38605657059788,8.0,28.0,0.0,0.0,64.0,8.0,0.0,0.0,0.0,0.0
431,13535,3910058,-2147440893,14,9,3,31,20.0,28.0,25,2.5,10,0,26.0,21,364.0,0.0,8.38605657059788,8.0,28.0,0.0,0.0,64.0,8.0,0.0,0.0,0.0,0.0
432,13535,39107,-2147440892,16,8,7,8,3.0,9.0,5,1.3333333333333333,8,0,0.0,8,334.0,4.0,3.96773152230426,3.0,9.0,0.0,16.0,1.0,1.0,4.0,3.0,1.0,1.0
433,13535,39107,-2147440892,16,8,7,8,3.0,9.0,5,1.3333333333333333,8,0,0.0,8,334.0,4.0,3.96773152230426,3.0,9.0,0.0,16.0,1.0,1.0,4.0,3.0,1.0,1.0
434,13535,39301,-2147440892,10,10,2,13,1.0,1.0,1,0.0,8,0,0.0,16,213.0,0.0,6.113606035879794,1.0,1.0,0.0,0.0,1.0,1.0,0.0,0.0,0.0,0.0
435,13535,39301,-2147440892,10,10,2,13,1.0,1.0,1,0.0,8,0,0.0,16,213.0,0.0,6.113606035879794,1.0,1.0,0.0,0.0,1.0,1.0,0.0,0.0,0.0,0.0
436,13535,4025865,-2147440891,14,9,2,19,8.0,20.0,14,5.0,20,0,0.0,20,213.0,0.0,5.6450605746960925,5.0,20.0,0.0,0.0,25.0,5.0,0.0,0.0,0.0,0.0
437,13535,4025865,-2147437246,14,14,2,15,4.0,4.0,4,0.0,8,0,3.0,14,213.0,0.0,6.001381719591782,4.0,4.0,0.0,0.0,16.0,4.0,0.0,0.0,0.0,0.0
438,13535,4025865,-2147437246,14,14,2,15,4.0,4.0,4,0.0,8,0,3.0,14,213.0,0.0,6.001381719591782,4.0,4.0,0.0,0.0,16.0,4.0,0.0,0.0,0.0,0.0
439,13535,40281,-2147440893,12,6,2,38,11.0,18.0,14,6.0,40,0,0.0,39,122.0,0.0,6.356406461211979,6.0,18.0,0.0,0.0,36.0,6.0,0.0,0.0,0.0,0.0
440,13535,4107191,-2147440893,14,5,2,7,1.0,3.0,2,9.0,10,0,0.0,7,122.0,0.0,6.484391842458535,3.0,3.0,0.0,0.0,9.0,3.0,0.0,0.0,0.0,0.0
441,13535,41436,-2147440891,16,7,3,4,1.0,4.0,2,4.5,4,0,0.0,4,60.0,0.0,3.3380121582108258,3.0,4.0,1.0,1.0,9.0,3.0,1.0,0.0,0.0,0.0
442,13535,41436,-2147440891,16,7,3,4,1.0,4.0,2,4.5,4,0,0.0,4,60.0,0.0,3.3380121582108258,3.0,4.0,1.0,1.0,9.0,3.0,1.0,0.0,0.0,0.0
443,13535,41705,-2147440893,14,5,6,3,1.0,2.0,1,1.8,3,0,0.0,3,152.0,0.0,0.9999999911905132,0.0,2.0,0.0,0.0,0.0,0.0,0.0,0.0,0.0,0.0
444,13535,42795,-2147440893,14,12,4,30,3.0,33.0,18,0.6666666666666666,16,0,6.0,21,244.0,0.0,4.855865236552893,4.0,33.0,0.0,0.0,16.0,4.0,0.0,0.0,0.0,0.0
445,13535,42795,-2147440893,14,12,4,30,3.0,33.0,18,0.6666666666666666,16,0,6.0,21,244.0,0.0,4.855865236552893,4.0,33.0,0.0,0.0,16.0,4.0,0.0,0.0,0.0,0.0
446,13535,42795,-2147440892,13,13,2,6,6.0,6.0,6,0.0,10,0,0.0,6,244.0,0.0,5.220544037433955,5.0,6.0,0.0,0.0,25.0,5.0,0.0,0.0,0.0,0.0
447,13535,42848,-2147440893,16,5,2,24,19.0,30.0,24,11.0,30,0,0.0,30,425.0,0.0,3.4569995999496523,3.0,30.0,0.0,0.0,9.0,3.0,0.0,0.0,0.0,0.0
448,13535,42848,-2147440893,16,5,2,24,19.0,30.0,24,11.0,30,0,0.0,30,425.0,0.0,3.4569995999496523,3.0,30.0,0.0,0.0,9.0,3.0,0.0,0.0,0.0,0.0
449,13535,42848,-2147440892,16,5,2,17,15.0,19.0,17,11.0,10,0,0.0,10,425.0,0.0,3.6055582342178223,3.0,19.0,0.0,0.0,9.0,3.0,0.0,0.0,0.0,0.0
450,13535,42848,-2147440892,16,5,2,17,15.0,19.0,17,11.0,10,0,0.0,10,425.0,0.0,3.6055582342178223,3.0,19.0,0.0,0.0,9.0,3.0,0.0,0.0,0.0,0.0
451,13535,42848,-2147440891,16,5,2,15,10.0,20.0,15,11.0,20,0,0.0,20,425.0,0.0,3.5312789170837373,3.0,20.0,0.0,0.0,9.0,3.0,0.0,0.0,0.0,0.0
452,13535,42848,-2147440891,16,5,2,15,10.0,20.0,15,11.0,20,0,0.0,20,425.0,0.0,3.5312789170837373,3.0,20.0,0.0,0.0,9.0,3.0,0.0,0.0,0.0,0.0
453,13535,42911,-2147440893,6,6,2,21,21.0,21.0,21,0.0,10,0,3.0,18,152.0,0.0,6.689589186294032,6.0,21.0,0.0,0.0,36.0,6.0,0.0,0.0,0.0,0.0
454,13535,42911,-2147440893,6,6,2,21,21.0,21.0,21,0.0,10,0,3.0,18,152.0,0.0,6.689589186294032,6.0,21.0,0.0,0.0,36.0,6.0,0.0,0.0,0.0,0.0
455,13535,43038,-2147440893,14,14,2,33,15.0,15.0,15,0.0,16,0,20.0,27,456.0,0.0,3.6577774248268184,3.0,15.0,0.0,0.0,9.0,3.0,0.0,0.0,0.0,0.0
456,13535,43038,-2147440893,14,14,2,33,15.0,15.0,15,0.0,16,0,20.0,27,456.0,0.0,3.6577774248268184,3.0,15.0,0.0,0.0,9.0,3.0,0.0,0.0,0.0,0.0
457,13535,4321077,-2147440890,8,8,2,15,3.0,3.0,3,0.0,10,1,3.0,11,364.0,0.0,1.892415185622209,1.0,3.0,0.0,0.0,1.0,1.0,0.0,0.0,0.0,0.0
458,13535,4321077,-2147440890,8,8,2,15,3.0,3.0,3,0.0,10,1,3.0,11,364.0,0.0,1.892415185622209,1.0,3.0,0.0,0.0,1.0,1.0,0.0,0.0,0.0,0.0
459,13535,4322912,-2147440893,12,12,2,961,1.0,1.0,1,0.0,1003,0,0.0,958,365.0,0.0,-5.306320693923011,0.0,1.0,0.0,0.0,0.0,0.0,0.0,0.0,0.0,0.0
460,13535,4323086,-2147440891,12,12,2,4,4.0,4.0,4,0.0,4,0,0.0,4,276.0,0.0,5.1357553857446945,4.0,4.0,0.0,0.0,16.0,4.0,0.0,0.0,0.0,0.0
461,13535,4324370,-2147437246,10,8,3,3,1.0,3.0,2,1.0,3,0,0.0,3,60.0,0.0,2.819413321089451,2.0,3.0,1.0,1.0,4.0,2.0,1.0,0.0,0.0,0.0
462,13535,4324639,-2147440893,16,16,2,6,3.0,3.0,3,0.0,6,0,0.0,6,61.0,0.0,7.264593184519088,3.0,3.0,2.0,4.0,9.0,3.0,2.0,3.0,9.0,3.0
463,13535,4324639,-2147440893,16,16,2,6,3.0,3.0,3,0.0,6,0,0.0,6,61.0,0.0,7.264593184519088,3.0,3.0,2.0,4.0,9.0,3.0,2.0,3.0,9.0,3.0
464,13535,4324639,-2147440892,16,12,2,4,1.0,4.0,2,4.0,5,0,0.0,5,275.0,0.0,5.138298122227569,4.0,4.0,0.0,0.0,16.0,4.0,0.0,0.0,0.0,0.0
465,13535,4324639,-2147440892,16,12,2,4,1.0,4.0,2,4.0,5,0,0.0,5,275.0,0.0,5.138298122227569,4.0,4.0,0.0,0.0,16.0,4.0,0.0,0.0,0.0,0.0
466,13535,4325609,-2147440892,16,7,3,15,6.0,10.0,7,4.5,10,0,6.0,10,91.0,0.0,5.704191424595797,5.0,10.0,4.0,16.0,25.0,5.0,4.0,0.0,0.0,0.0
467,13535,4325609,-2147440892,16,7,3,15,6.0,10.0,7,4.5,10,0,6.0,10,91.0,0.0,5.704191424595797,5.0,10.0,4.0,16.0,25.0,5.0,4.0,0.0,0.0,0.0
468,13535,43263,-2147440893,15,7,4,17,4.0,6.0,5,2.6666666666666665,20,0,23.0,11,122.0,0.0,3.8637223162344867,3.0,6.0,0.0,0.0,9.0,3.0,0.0,0.0,0.0,0.0
469,13535,43263,-2147440893,15,7,4,17,4.0,6.0,5,2.6666666666666665,20,0,23.0,11,122.0,0.0,3.8637223162344867,3.0,6.0,0.0,0.0,9.0,3.0,0.0,0.0,0.0,0.0
470,13535,43263,-2147440892,14,7,4,26,7.0,22.0,14,2.3333333333333335,20,0,3.0,31,122.0,0.0,9.220238276021329,9.0,22.0,0.0,0.0,81.0,9.0,0.0,0.0,0.0,0.0
471,13535,43263,-2147440892,14,7,4,26,7.0,22.0,14,2.3333333333333335,20,0,3.0,31,122.0,0.0,9.220238276021329,9.0,22.0,0.0,0.0,81.0,9.0,0.0,0.0,0.0,0.0
472,13535,43263,-2147437246,7,7,2,10,10.0,10.0,10,0.0,15,0,0.0,10,122.0,0.0,6.352399613735795,6.0,10.0,0.0,0.0,36.0,6.0,0.0,0.0,0.0,0.0
473,13535,4332244,-2147440893,16,7,4,3,1.0,3.0,2,3.0,4,0,0.0,4,456.0,0.0,-2.052044149848385,0.0,3.0,0.0,0.0,0.0,0.0,0.0,0.0,0.0,0.0
474,13535,4332244,-2147440893,16,7,4,3,1.0,3.0,2,3.0,4,0,0.0,4,456.0,0.0,-2.052044149848385,0.0,3.0,0.0,0.0,0.0,0.0,0.0,0.0,0.0,0.0
475,13535,4332244,-2147440892,16,14,3,3,1.0,3.0,1,1.0,4,0,0.0,3,456.0,0.0,0.3904377102376795,0.0,3.0,0.0,0.0,0.0,0.0,0.0,0.0,0.0,0.0
476,13535,4332244,-2147440892,16,14,3,3,1.0,3.0,1,1.0,4,0,0.0,3,456.0,0.0,0.3904377102376795,0.0,3.0,0.0,0.0,0.0,0.0,0.0,0.0,0.0,0.0
477,13535,4332244,-2147440891,14,7,2,1,1.0,1.0,1,7.0,1,0,0.0,1,456.0,0.0,3.3633189055536743,1.0,1.0,0.0,0.0,1.0,1.0,0.0,0.0,0.0,0.0
478,13535,4363355,-2147440892,12,12,2,12,4.0,4.0,4,0.0,8,1,6.0,11,364.0,0.0,1.9847518730724154,1.0,4.0,0.0,0.0,1.0,1.0,0.0,0.0,0.0,0.0
479,13535,4363355,-2147440892,12,12,2,12,4.0,4.0,4,0.0,8,1,6.0,11,364.0,0.0,1.9847518730724154,1.0,4.0,0.0,0.0,1.0,1.0,0.0,0.0,0.0,0.0
480,13535,4363355,-2147440891,12,12,2,6,2.0,2.0,2,0.0,6,0,0.0,6,364.0,0.0,4.243480721044824,2.0,2.0,0.0,0.0,4.0,2.0,0.0,0.0,0.0,0.0
481,13535,43714,-2147440893,16,7,2,20,20.0,20.0,20,9.0,25,0,0.0,20,363.0,0.0,3.8751892612970984,3.0,20.0,0.0,0.0,9.0,3.0,0.0,0.0,0.0,0.0
482,13535,43714,-2147440893,16,7,2,20,20.0,20.0,20,9.0,25,0,0.0,20,363.0,0.0,3.8751892612970984,3.0,20.0,0.0,0.0,9.0,3.0,0.0,0.0,0.0,0.0
483,13535,44756,-2147440891,14,10,3,8,1.0,4.0,2,2.0,10,0,0.0,10,183.0,0.0,5.708812846465627,4.0,4.0,0.0,0.0,16.0,4.0,0.0,0.0,0.0,0.0
484,13535,45264,-2147440893,12,6,2,32,27.0,35.0,31,6.0,12,0,0.0,11,334.0,0.0,4.450606891575063,4.0,35.0,0.0,0.0,16.0,4.0,0.0,0.0,0.0,0.0
485,13535,45360,-2147440893,10,10,2,13,1.0,1.0,1,0.0,24,0,56.0,25,395.0,0.0,3.5238409267266757,1.0,1.0,0.0,0.0,1.0,1.0,0.0,0.0,0.0,0.0
486,13535,45360,-2147440893,10,10,2,13,1.0,1.0,1,0.0,24,0,56.0,25,395.0,0.0,3.5238409267266757,1.0,1.0,0.0,0.0,1.0,1.0,0.0,0.0,0.0,0.0
487,13535,4556335,-2147440893,7,7,2,24,12.0,12.0,12,0.0,20,0,0.0,12,152.0,0.0,5.873861054046662,5.0,12.0,0.0,0.0,25.0,5.0,0.0,0.0,0.0,0.0
488,13535,46499,-2147440891,16,12,3,8,1.0,3.0,2,2.0,9,0,0.0,8,456.0,0.0,2.9834318958445545,2.0,3.0,0.0,0.0,4.0,2.0,0.0,0.0,0.0,0.0
489,13535,46499,-2147440891,16,12,3,8,1.0,3.0,2,2.0,9,0,0.0,8,456.0,0.0,2.9834318958445545,2.0,3.0,0.0,0.0,4.0,2.0,0.0,0.0,0.0,0.0
490,13535,46516,-2147440891,15,15,2,11,3.0,3.0,3,0.0,14,0,0.0,8,152.0,0.0,6.013281214482815,3.0,3.0,0.0,0.0,9.0,3.0,0.0,0.0,0.0,0.0
491,13535,47113,-2147440892,16,16,2,24,8.0,8.0,8,0.0,16,0,13.0,16,517.0,0.0,2.5684116033058295,2.0,8.0,0.0,0.0,4.0,2.0,0.0,0.0,0.0,0.0
492,13535,47113,-2147440892,16,16,2,24,8.0,8.0,8,0.0,16,0,13.0,16,517.0,0.0,2.5684116033058295,2.0,8.0,0.0,0.0,4.0,2.0,0.0,0.0,0.0,0.0
493,13535,47498,-2147440893,16,16,2,12,12.0,12.0,12,0.0,9,0,0.0,10,456.0,0.0,3.351321736924257,3.0,12.0,0.0,0.0,9.0,3.0,0.0,0.0,0.0,0.0
494,13535,47498,-2147440893,16,16,2,12,12.0,12.0,12,0.0,9,0,0.0,10,456.0,0.0,3.351321736924257,3.0,12.0,0.0,0.0,9.0,3.0,0.0,0.0,0.0,0.0
495,13535,48163,-2147440891,14,9,2,3,1.0,2.0,1,5.0,3,0,0.0,3,640.0,0.0,1.5138600940104716,1.0,2.0,0.0,0.0,1.0,1.0,0.0,0.0,0.0,0.0
496,13535,48599,-2147440893,6,6,2,21,10.0,10.0,10,0.0,12,0,23.0,23,334.0,0.0,4.886538925494872,4.0,10.0,0.0,0.0,16.0,4.0,0.0,0.0,0.0,0.0
497,13535,48599,-2147440893,6,6,2,21,10.0,10.0,10,0.0,12,0,23.0,23,334.0,0.0,4.886538925494872,4.0,10.0,0.0,0.0,16.0,4.0,0.0,0.0,0.0,0.0
498,13535,48599,-2147440892,14,7,3,8,3.0,8.0,6,3.5,6,0,0.0,10,334.0,0.0,4.975327482462696,4.0,8.0,0.0,0.0,16.0,4.0,0.0,0.0,0.0,0.0
499,13535,48984,-2147440892,10,10,2,23,3.0,3.0,3,0.0,10,0,23.0,24,183.0,0.0,6.549244541794227,3.0,3.0,0.0,0.0,9.0,3.0,0.0,0.0,0.0,0.0
500,13535,48984,-2147440892,10,10,2,23,3.0,3.0,3,0.0,10,0,23.0,24,183.0,0.0,6.549244541794227,3.0,3.0,0.0,0.0,9.0,3.0,0.0,0.0,0.0,0.0
501,13535,48991943,-2147440893,11,5,5,8,4.0,9.0,6,1.5,10,0,6.0,8,22.0,1.0,4.015105328666416,4.0,9.0,3.0,4.0,9.0,3.0,2.0,0.0,1.0,1.0
502,13535,48991943,-2147440893,11,5,5,8,4.0,9.0,6,1.5,10,0,6.0,8,22.0,1.0,4.015105328666416,4.0,9.0,3.0,4.0,9.0,3.0,2.0,0.0,1.0,1.0
503,13535,48991943,-2147440892,14,5,5,6,5.0,6.0,5,2.25,5,0,0.0,6,16.0,5.0,5.4537667490146795,5.0,6.0,2.0,9.0,0.0,0.0,3.0,0.0,25.0,5.0
504,13535,49725,-2147440893,16,6,22,14,1.0,10.0,6,0.47619047619047616,15,0,23.0,15,8.0,10.0,7.042857159242171,7.0,10.0,6.0,16.0,9.0,3.0,4.0,7.0,9.0,3.0
505,13535,49725,-2147440893,16,6,22,14,1.0,10.0,6,0.47619047619047616,15,0,23.0,15,8.0,10.0,7.042857159242171,7.0,10.0,6.0,16.0,9.0,3.0,4.0,7.0,9.0,3.0
506,13535,49725,-2147440892,16,13,4,9,2.0,2.0,2,1.0,12,0,146.0,11,12.0,0.0,3.2542837273897622,2.0,2.0,4.0,16.0,4.0,2.0,4.0,2.0,4.0,2.0
507,13535,49725,-2147440892,16,13,4,9,2.0,2.0,2,1.0,12,0,146.0,11,12.0,0.0,3.2542837273897622,2.0,2.0,4.0,16.0,4.0,2.0,4.0,2.0,4.0,2.0
508,13535,49725,-2147440891,16,6,16,5,1.0,6.0,5,0.6666666666666666,6,0,0.0,6,1.0,6.0,6.00000000178127,6.0,6.0,2.0,16.0,0.0,0.0,4.0,6.0,0.0,0.0
509,13535,49725,-2147440891,16,6,16,5,1.0,6.0,5,0.6666666666666666,6,0,0.0,6,1.0,6.0,6.00000000178127,6.0,6.0,2.0,16.0,0.0,0.0,4.0,6.0,0.0,0.0
510,13535,49725,-2147437246,16,8,13,6,6.0,6.0,6,0.6666666666666666,6,0,0.0,6,6.0,6.0,5.999999999851378,5.0,6.0,2.0,16.0,1.0,1.0,4.0,5.0,1.0,1.0
511,13535,49725,-2147437246,16,8,13,6,6.0,6.0,6,0.6666666666666666,6,0,0.0,6,6.0,6.0,5.999999999851378,5.0,6.0,2.0,16.0,1.0,1.0,4.0,5.0,1.0,1.0
512,13535,50292,-2147440893,16,10,4,19,10.0,18.0,14,2.0,12,0,0.0,10,364.0,0.0,0.5019110753955323,0.0,18.0,0.0,0.0,0.0,0.0,0.0,0.0,0.0,0.0
513,13535,50292,-2147440893,16,10,4,19,10.0,18.0,14,2.0,12,0,0.0,10,364.0,0.0,0.5019110753955323,0.0,18.0,0.0,0.0,0.0,0.0,0.0,0.0,0.0,0.0
514,13535,5165407,-2147440893,12,11,3,58,25.0,50.0,41,0.5,25,0,13.0,27,244.0,0.0,13.035041245797306,13.0,50.0,0.0,0.0,169.0,13.0,0.0,0.0,0.0,0.0
515,13535,5165407,-2147440893,12,11,3,58,25.0,50.0,41,0.5,25,0,13.0,27,244.0,0.0,13.035041245797306,13.0,50.0,0.0,0.0,169.0,13.0,0.0,0.0,0.0,0.0
516,13535,52024,-2147440892,16,16,2,26,16.0,16.0,16,0.0,30,0,0.0,17,1126.0,0.0,-4.148980511657973,0.0,16.0,0.0,0.0,0.0,0.0,0.0,0.0,0.0,0.0
517,13535,52024,-2147440892,16,16,2,26,16.0,16.0,16,0.0,30,0,0.0,17,1126.0,0.0,-4.148980511657973,0.0,16.0,0.0,0.0,0.0,0.0,0.0,0.0,0.0,0.0
518,13535,52750,-2147440893,14,14,2,27,20.0,20.0,20,0.0,10,0,0.0,24,334.0,0.0,5.176857031169627,5.0,20.0,0.0,0.0,25.0,5.0,0.0,0.0,0.0,0.0
519,13535,52760,-2147440893,10,10,2,14,14.0,14.0,14,0.0,20,0,36.0,18,183.0,0.0,5.6408670968411965,5.0,14.0,0.0,0.0,25.0,5.0,0.0,0.0,0.0,0.0
520,13535,52760,-2147440893,10,10,2,14,14.0,14.0,14,0.0,20,0,36.0,18,183.0,0.0,5.6408670968411965,5.0,14.0,0.0,0.0,25.0,5.0,0.0,0.0,0.0,0.0
521,13535,53599384,-2147440893,11,11,2,16,6.0,6.0,6,0.0,8,0,13.0,8,213.0,0.0,5.658918188683645,5.0,6.0,0.0,0.0,25.0,5.0,0.0,0.0,0.0,0.0
522,13535,53599384,-2147440893,11,11,2,16,6.0,6.0,6,0.0,8,0,13.0,8,213.0,0.0,5.658918188683645,5.0,6.0,0.0,0.0,25.0,5.0,0.0,0.0,0.0,0.0
523,13535,53787985,-2147440892,12,12,2,4,4.0,4.0,4,0.0,4,0,10.0,4,22.0,0.0,7.61039928715997,4.0,4.0,1.0,1.0,16.0,4.0,1.0,0.0,0.0,0.0
524,13535,53787985,-2147440892,12,12,2,4,4.0,4.0,4,0.0,4,0,10.0,4,22.0,0.0,7.61039928715997,4.0,4.0,1.0,1.0,16.0,4.0,1.0,0.0,0.0,0.0
525,13535,54140,-2147440893,14,14,2,14,14.0,14.0,14,0.0,8,0,0.0,10,395.0,0.0,4.0143867136888804,4.0,14.0,0.0,0.0,16.0,4.0,0.0,0.0,0.0,0.0
526,13535,54140,-2147440892,14,8,3,18,8.0,18.0,14,3.0,10,0,6.0,16,395.0,0.0,7.248797003582316,7.0,18.0,0.0,0.0,49.0,7.0,0.0,0.0,0.0,0.0
527,13535,54140,-2147440892,14,8,3,18,8.0,18.0,14,3.0,10,0,6.0,16,395.0,0.0,7.248797003582316,7.0,18.0,0.0,0.0,49.0,7.0,0.0,0.0,0.0,0.0
528,13535,54587,-2147440893,14,9,2,11,8.0,11.0,9,5.0,12,0,0.0,10,244.0,0.0,5.300540744162838,5.0,11.0,0.0,0.0,25.0,5.0,0.0,0.0,0.0,0.0
529,13535,54716,-2147440893,16,7,2,5,5.0,6.0,5,9.0,6,0,0.0,6,213.0,0.0,5.749051618683813,5.0,6.0,0.0,0.0,25.0,5.0,0.0,0.0,0.0,0.0
530,13535,54716,-2147440893,16,7,2,5,5.0,6.0,5,9.0,6,0,0.0,6,213.0,0.0,5.749051618683813,5.0,6.0,0.0,0.0,25.0,5.0,0.0,0.0,0.0,0.0
531,13535,54717,-2147440893,14,14,2,41,37.0,37.0,37,0.0,30,0,0.0,37,334.0,0.0,4.696314401356508,4.0,37.0,0.0,0.0,16.0,4.0,0.0,0.0,0.0,0.0
532,13535,54717,-2147440893,14,14,2,41,37.0,37.0,37,0.0,30,0,0.0,37,334.0,0.0,4.696314401356508,4.0,37.0,0.0,0.0,16.0,4.0,0.0,0.0,0.0,0.0
533,13535,54717,-2147440892,16,5,5,54,3.0,34.0,15,2.75,50,0,20.0,54,334.0,0.0,16.708513155235373,16.0,34.0,0.0,0.0,256.0,16.0,0.0,0.0,0.0,0.0
534,13535,54717,-2147440892,16,5,5,54,3.0,34.0,15,2.75,50,0,20.0,54,334.0,0.0,16.708513155235373,16.0,34.0,0.0,0.0,256.0,16.0,0.0,0.0,0.0,0.0
535,13535,54717,-2147440890,16,16,2,15,5.0,5.0,5,0.0,10,0,20.0,10,334.0,0.0,4.397077399197654,4.0,5.0,0.0,0.0,16.0,4.0,0.0,0.0,0.0,0.0
536,13535,54717,-2147440890,16,16,2,15,5.0,5.0,5,0.0,10,0,20.0,10,334.0,0.0,4.397077399197654,4.0,5.0,0.0,0.0,16.0,4.0,0.0,0.0,0.0,0.0
537,13535,58640,-2147440893,10,10,2,15,15.0,15.0,15,0.0,10,0,0.0,10,213.0,0.0,5.719339891830179,5.0,15.0,0.0,0.0,25.0,5.0,0.0,0.0,0.0,0.0
538,13535,61295520,-2147440893,9,9,2,18,7.0,7.0,7,0.0,40,0,290.0,61,487.0,0.0,2.081222048490643,2.0,7.0,0.0,0.0,4.0,2.0,0.0,0.0,0.0,0.0
539,13535,61295520,-2147440893,9,9,2,18,7.0,7.0,7,0.0,40,0,290.0,61,487.0,0.0,2.081222048490643,2.0,7.0,0.0,0.0,4.0,2.0,0.0,0.0,0.0,0.0
540,13535,62538723,-2147440893,16,12,3,15,9.0,16.0,11,2.0,10,0,6.0,9,456.0,0.0,2.9433207357175855,2.0,16.0,0.0,0.0,4.0,2.0,0.0,0.0,0.0,0.0
541,13535,62538723,-2147440893,16,12,3,15,9.0,16.0,11,2.0,10,0,6.0,9,456.0,0.0,2.9433207357175855,2.0,16.0,0.0,0.0,4.0,2.0,0.0,0.0,0.0,0.0
542,13535,64770444,-2147440893,9,6,2,21,10.0,12.0,11,3.0,20,0,0.0,20,183.0,0.0,5.944180620584634,5.0,12.0,0.0,0.0,25.0,5.0,0.0,0.0,0.0,0.0
543,13535,64770444,-2147440892,9,7,2,20,10.0,20.0,15,2.0,20,0,0.0,20,183.0,0.0,5.944180620584634,5.0,20.0,0.0,0.0,25.0,5.0,0.0,0.0,0.0,0.0
544,13535,64771944,-2147440891,13,13,2,13,4.0,4.0,4,0.0,5,0,3.0,7,60.0,0.0,7.359472608452169,4.0,4.0,3.0,9.0,16.0,4.0,3.0,4.0,16.0,4.0
545,13535,64771944,-2147440891,13,13,2,13,4.0,4.0,4,0.0,5,0,3.0,7,60.0,0.0,7.359472608452169,4.0,4.0,3.0,9.0,16.0,4.0,3.0,4.0,16.0,4.0
546,13535,68253548,-2147440893,16,16,2,18,18.0,18.0,18,0.0,10,0,0.0,12,303.0,0.0,4.916832324320255,4.0,18.0,0.0,0.0,16.0,4.0,0.0,0.0,0.0,0.0
547,13535,68253548,-2147440893,16,16,2,18,18.0,18.0,18,0.0,10,0,0.0,12,303.0,0.0,4.916832324320255,4.0,18.0,0.0,0.0,16.0,4.0,0.0,0.0,0.0,0.0
548,13535,7626163,-2147440893,14,5,10,79,22.0,75.0,48,1.0,100,0,10.0,48,4.0,47.0,-37.942707605934395,0.0,75.0,21.0,676.0,2209.0,47.0,26.0,0.0,2209.0,47.0
549,13535,7626163,-2147440893,14,5,10,79,22.0,75.0,48,1.0,100,0,10.0,48,4.0,47.0,-37.942707605934395,0.0,75.0,21.0,676.0,2209.0,47.0,26.0,0.0,2209.0,47.0
550,13535,7626163,-2147440891,16,7,17,50,50.0,50.0,50,0.5625,50,0,0.0,50,4.0,50.0,49.99999999999598,49.0,50.0,22.0,784.0,1.0,1.0,28.0,49.0,1.0,1.0
551,13535,7626163,-2147440891,16,7,17,50,50.0,50.0,50,0.5625,50,0,0.0,50,4.0,50.0,49.99999999999598,49.0,50.0,22.0,784.0,1.0,1.0,28.0,49.0,1.0,1.0
552,13535,7626163,-2147437246,15,10,5,25,25.0,50.0,35,1.25,25,0,0.0,25,26.0,25.0,9.185754361690375,9.0,50.0,11.0,196.0,256.0,16.0,14.0,9.0,256.0,16.0
553,13535,7626163,-2147437246,15,10,5,25,25.0,50.0,35,1.25,25,0,0.0,25,26.0,25.0,9.185754361690375,9.0,50.0,11.0,196.0,256.0,16.0,14.0,9.0,256.0,16.0
554,13535,7631231,-2147440892,12,12,2,11,6.0,6.0,6,0.0,12,0,150.0,4,22.0,0.0,6.3608840666553625,6.0,6.0,1.0,1.0,36.0,6.0,1.0,0.0,0.0,0.0
555,13535,7631231,-2147440892,12,12,2,11,6.0,6.0,6,0.0,12,0,150.0,4,22.0,0.0,6.3608840666553625,6.0,6.0,1.0,1.0,36.0,6.0,1.0,0.0,0.0,0.0
556,13535,76720,-2147440891,14,7,2,15,7.0,20.0,13,7.0,20,0,0.0,13,152.0,0.0,5.921287339124513,5.0,20.0,0.0,0.0,25.0,5.0,0.0,0.0,0.0,0.0
557,13535,76999621,-2147440892,7,7,2,16,1.0,1.0,1,0.0,20,0,106.0,19,426.0,0.0,2.8600802671345935,1.0,1.0,0.0,0.0,1.0,1.0,0.0,0.0,0.0,0.0
558,13535,76999621,-2147440892,7,7,2,16,1.0,1.0,1,0.0,20,0,106.0,19,426.0,0.0,2.8600802671345935,1.0,1.0,0.0,0.0,1.0,1.0,0.0,0.0,0.0,0.0
559,13535,7905730,-2147440893,15,13,3,11,2.0,10.0,4,1.0,10,0,0.0,10,328.0,0.0,4.835521070053839,4.0,10.0,0.0,0.0,16.0,4.0,0.0,0.0,0.0,0.0
560,13535,7908298,-2147440891,7,7,2,12,6.0,6.0,6,0.0,15,0,0.0,0,364.0,0.0,3.4652350594564005,3.0,6.0,0.0,0.0,9.0,3.0,0.0,0.0,0.0,0.0
561,13535,7908652,-2147440891,7,7,2,7,6.0,6.0,6,0.0,6,0,30.0,10,184.0,0.0,6.054188675364353,6.0,6.0,0.0,0.0,36.0,6.0,0.0,0.0,0.0,0.0
562,13535,7908652,-2147440891,7,7,2,7,6.0,6.0,6,0.0,6,0,30.0,10,184.0,0.0,6.054188675364353,6.0,6.0,0.0,0.0,36.0,6.0,0.0,0.0,0.0,0.0
563,13535,79282467,-2147440893,9,9,2,8,8.0,8.0,8,0.0,6,0,6.0,9,334.0,0.0,4.650136129902291,4.0,8.0,0.0,0.0,16.0,4.0,0.0,0.0,0.0,0.0
564,13535,79282467,-2147440893,9,9,2,8,8.0,8.0,8,0.0,6,0,6.0,9,334.0,0.0,4.650136129902291,4.0,8.0,0.0,0.0,16.0,4.0,0.0,0.0,0.0,0.0
565,13535,7940574,-2147440890,16,7,6,5,1.0,1.0,1,1.8,5,0,0.0,4,91.0,0.0,0.9293727554011232,0.0,1.0,1.0,1.0,0.0,0.0,1.0,0.0,0.0,0.0
566,13535,7940574,-2147440890,16,7,6,5,1.0,1.0,1,1.8,5,0,0.0,4,91.0,0.0,0.9293727554011232,0.0,1.0,1.0,1.0,0.0,0.0,1.0,0.0,0.0,0.0
567,13535,7948298,-2147440892,14,7,2,2,2.0,2.0,2,7.0,2,0,0.0,2,425.0,0.0,3.664981687925092,2.0,2.0,0.0,0.0,4.0,2.0,0.0,0.0,0.0,0.0
568,13535,7948365,-2147440892,16,10,2,18,18.0,18.0,18,6.0,10,0,0.0,10,182.0,0.0,6.0284306059150055,6.0,18.0,0.0,0.0,36.0,6.0,0.0,0.0,0.0,0.0
569,13535,7948365,-2147440892,16,10,2,18,18.0,18.0,18,6.0,10,0,0.0,10,182.0,0.0,6.0284306059150055,6.0,18.0,0.0,0.0,36.0,6.0,0.0,0.0,0.0,0.0
570,13535,7948572,-2147440893,6,6,2,11,16.0,16.0,16,0.0,10,0,13.0,9,244.0,0.0,5.287545326094154,5.0,16.0,0.0,0.0,25.0,5.0,0.0,0.0,0.0,0.0
571,13535,7948572,-2147440893,6,6,2,11,16.0,16.0,16,0.0,10,0,13.0,9,244.0,0.0,5.287545326094154,5.0,16.0,0.0,0.0,25.0,5.0,0.0,0.0,0.0,0.0
572,13535,7948572,-2147440892,14,7,4,16,17.0,17.0,17,2.3333333333333335,15,0,0.0,10,244.0,0.0,2.3857711887941737,2.0,17.0,0.0,0.0,4.0,2.0,0.0,0.0,0.0,0.0
573,13535,7987540,-2147440893,14,14,2,38,1.0,1.0,1,0.0,18,0,6.0,35,122.0,0.0,7.3387505980436405,1.0,1.0,0.0,0.0,1.0,1.0,0.0,0.0,0.0,0.0
574,13535,7987540,-2147440893,14,14,2,38,1.0,1.0,1,0.0,18,0,6.0,35,122.0,0.0,7.3387505980436405,1.0,1.0,0.0,0.0,1.0,1.0,0.0,0.0,0.0,0.0
575,13535,7987540,-2147440892,14,14,2,13,12.0,12.0,12,0.0,10,0,3.0,18,456.0,0.0,3.6585060546234835,3.0,12.0,0.0,0.0,9.0,3.0,0.0,0.0,0.0,0.0
576,13535,7987540,-2147440892,14,14,2,13,12.0,12.0,12,0.0,10,0,3.0,18,456.0,0.0,3.6585060546234835,3.0,12.0,0.0,0.0,9.0,3.0,0.0,0.0,0.0,0.0
577,13535,8033085,-2147440893,14,11,5,22,4.0,6.0,4,0.75,14,0,16.0,19,334.0,0.0,9.80708761870136,6.0,6.0,0.0,0.0,36.0,6.0,0.0,0.0,0.0,0.0
578,13535,8033085,-2147440893,14,11,5,22,4.0,6.0,4,0.75,14,0,16.0,19,334.0,0.0,9.80708761870136,6.0,6.0,0.0,0.0,36.0,6.0,0.0,0.0,0.0,0.0
579,13535,8107563,-2147440893,9,5,2,5,3.0,5.0,4,4.0,5,0,0.0,5,244.0,0.0,5.447388836312397,5.0,5.0,0.0,0.0,25.0,5.0,0.0,0.0,0.0,0.0
580,13535,8254465,-2147440892,10,6,6,11,3.0,13.0,8,0.8,19,0,106.0,14,213.0,0.0,15.434853355939202,13.0,13.0,0.0,0.0,169.0,13.0,0.0,13.0,169.0,13.0
581,13535,8254465,-2147440892,10,6,6,11,3.0,13.0,8,0.8,19,0,106.0,14,213.0,0.0,15.434853355939202,13.0,13.0,0.0,0.0,169.0,13.0,0.0,13.0,169.0,13.0
582,13535,8254465,-2147440891,13,6,3,8,4.0,6.0,5,3.5,4,0,0.0,4,213.0,0.0,2.416538766548732,2.0,6.0,0.0,0.0,4.0,2.0,0.0,0.0,0.0,0.0
583,13535,8254465,-2147437246,14,14,2,6,4.0,4.0,4,0.0,8,0,13.0,9,334.0,0.0,4.499893622011047,4.0,4.0,0.0,0.0,16.0,4.0,0.0,0.0,0.0,0.0
584,13535,8254465,-2147437246,14,14,2,6,4.0,4.0,4,0.0,8,0,13.0,9,334.0,0.0,4.499893622011047,4.0,4.0,0.0,0.0,16.0,4.0,0.0,0.0,0.0,0.0
585,13535,82873096,-2147440893,10,10,2,75,32.0,32.0,32,0.0,40,0,223.0,26,275.0,0.0,2.923052725333216,2.0,32.0,0.0,0.0,4.0,2.0,0.0,0.0,0.0,0.0
586,13535,82873096,-2147440893,10,10,2,75,32.0,32.0,32,0.0,40,0,223.0,26,275.0,0.0,2.923052725333216,2.0,32.0,0.0,0.0,4.0,2.0,0.0,0.0,0.0,0.0
587,13535,84824694,-2147440893,16,12,3,17,5.0,13.0,7,2.0,10,0,0.0,10,1490.0,0.0,-2.162858545053042,0.0,13.0,0.0,0.0,0.0,0.0,0.0,0.0,0.0,0.0
588,13535,84824694,-2147440893,16,12,3,17,5.0,13.0,7,2.0,10,0,0.0,10,1490.0,0.0,-2.162858545053042,0.0,13.0,0.0,0.0,0.0,0.0,0.0,0.0,0.0,0.0
589,13535,8495801,-2147440892,10,10,2,13,2.0,2.0,2,0.0,12,0,0.0,12,213.0,0.0,5.70448402840336,2.0,2.0,0.0,0.0,4.0,2.0,0.0,0.0,0.0,0.0
590,13535,8495801,-2147440892,10,10,2,13,2.0,2.0,2,0.0,12,0,0.0,12,213.0,0.0,5.70448402840336,2.0,2.0,0.0,0.0,4.0,2.0,0.0,0.0,0.0,0.0
591,13535,88957663,-2147440891,16,14,2,2,1.0,2.0,1,2.0,3,0,0.0,3,303.0,0.0,4.873975276158415,2.0,2.0,0.0,0.0,4.0,2.0,0.0,0.0,0.0,0.0
592,13535,88957663,-2147440891,16,14,2,2,1.0,2.0,1,2.0,3,0,0.0,3,303.0,0.0,4.873975276158415,2.0,2.0,0.0,0.0,4.0,2.0,0.0,0.0,0.0,0.0
593,13535,89048835,-2147437246,16,7,14,1,2.0,2.0,2,0.6923076923076923,2,0,0.0,2,26.0,2.0,1.999999999846436,1.0,2.0,0.0,4.0,1.0,1.0,2.0,1.0,1.0,1.0
594,13535,89048835,-2147437246,16,7,14,1,2.0,2.0,2,0.6923076923076923,2,0,0.0,2,26.0,2.0,1.999999999846436,1.0,2.0,0.0,4.0,1.0,1.0,2.0,1.0,1.0,1.0
595,13535,90341,-2147440893,5,5,2,15,15.0,15.0,15,0.0,15,0,0.0,13,275.0,0.0,4.969166234937784,4.0,15.0,0.0,0.0,16.0,4.0,0.0,0.0,0.0,0.0
596,13535,90341,-2147440892,13,5,4,14,1.0,14.0,7,2.6666666666666665,10,0,0.0,11,275.0,0.0,2.4027508558830695,2.0,14.0,0.0,0.0,4.0,2.0,0.0,0.0,0.0,0.0
597,13535,90341,-2147440891,5,5,2,10,10.0,10.0,10,0.0,10,0,0.0,10,275.0,0.0,5.101158463660527,5.0,10.0,0.0,0.0,25.0,5.0,0.0,0.0,0.0,0.0
598,13535,9244845,-2147440893,16,16,2,19,17.0,17.0,17,0.0,10,0,6.0,10,487.0,0.0,2.952633313783547,2.0,17.0,0.0,0.0,4.0,2.0,0.0,0.0,0.0,0.0
599,13535,9244845,-2147440893,16,16,2,19,17.0,17.0,17,0.0,10,0,6.0,10,487.0,0.0,2.952633313783547,2.0,17.0,0.0,0.0,4.0,2.0,0.0,0.0,0.0,0.0
600,13535,98304,-2147440890,10,10,2,13,12.0,12.0,12,0.0,8,1,3.0,17,122.0,0.0,4.699583033172722,4.0,12.0,0.0,0.0,16.0,4.0,0.0,0.0,0.0,0.0
601,13535,98304,-2147440890,10,10,2,13,12.0,12.0,12,0.0,8,1,3.0,17,122.0,0.0,4.699583033172722,4.0,12.0,0.0,0.0,16.0,4.0,0.0,0.0,0.0,0.0
602,13535,98311,-2147440892,9,9,2,5,2.0,2.0,2,0.0,5,0,0.0,5,60.0,0.0,7.281991784428781,2.0,2.0,2.0,4.0,4.0,2.0,2.0,0.0,0.0,0.0
603,13535,98318,-2147440891,9,9,2,7,5.0,5.0,5,0.0,6,0,13.0,7,303.0,0.0,4.8238401995226905,4.0,5.0,0.0,0.0,16.0,4.0,0.0,0.0,0.0,0.0
604,13535,98318,-2147440891,9,9,2,7,5.0,5.0,5,0.0,6,0,13.0,7,303.0,0.0,4.8238401995226905,4.0,5.0,0.0,0.0,16.0,4.0,0.0,0.0,0.0,0.0
605,13535,98319,-2147440892,16,7,10,50,1.0,12.0,5,1.0,84,0,1643.0,72,760.0,1.0,0.4466684817072807,0.0,12.0,0.0,1.0,1.0,1.0,1.0,0.0,1.0,1.0
606,13535,98319,-2147440892,16,7,10,50,1.0,12.0,5,1.0,84,0,1643.0,72,760.0,1.0,0.4466684817072807,0.0,12.0,0.0,1.0,1.0,1.0,1.0,0.0,1.0,1.0
607,13535,98321,-2147440892,9,9,2,23,1.0,1.0,1,0.0,30,0,183.0,19,640.0,0.0,-0.26805971217891233,0.0,1.0,0.0,0.0,0.0,0.0,0.0,0.0,0.0,0.0
608,13535,98321,-2147440892,9,9,2,23,1.0,1.0,1,0.0,30,0,183.0,19,640.0,0.0,-0.26805971217891233,0.0,1.0,0.0,0.0,0.0,0.0,0.0,0.0,0.0,0.0
609,13535,98362,-2147440892,13,13,2,33,3.0,3.0,3,0.0,30,0,173.0,36,122.0,0.0,5.760899080261048,3.0,3.0,0.0,0.0,9.0,3.0,0.0,0.0,0.0,0.0
610,13535,98362,-2147440892,13,13,2,33,3.0,3.0,3,0.0,30,0,173.0,36,122.0,0.0,5.760899080261048,3.0,3.0,0.0,0.0,9.0,3.0,0.0,0.0,0.0,0.0
611,13535,98373,-2147440893,11,6,6,22,1.0,11.0,6,1.0,10,0,0.0,16,60.0,0.0,17.228662646068837,11.0,11.0,7.0,49.0,121.0,11.0,7.0,11.0,121.0,11.0
612,13535,98373,-2147440892,10,10,2,21,1.0,1.0,1,0.0,10,0,20.0,22,152.0,0.0,6.780854431855666,1.0,1.0,0.0,0.0,1.0,1.0,0.0,0.0,0.0,0.0
613,13535,98373,-2147440892,10,10,2,21,1.0,1.0,1,0.0,10,0,20.0,22,152.0,0.0,6.780854431855666,1.0,1.0,0.0,0.0,1.0,1.0,0.0,0.0,0.0,0.0
614,13535,98472,-2147440893,10,5,2,19,10.0,19.0,14,5.0,10,0,0.0,17,181.0,0.0,6.370385269656236,6.0,19.0,0.0,0.0,36.0,6.0,0.0,0.0,0.0,0.0
615,13535,98490,-2147440893,5,5,2,11,11.0,11.0,11,0.0,10,0,20.0,11,91.0,0.0,6.867376055972686,6.0,11.0,4.0,16.0,36.0,6.0,4.0,0.0,0.0,0.0
616,13535,98490,-2147440893,5,5,2,11,11.0,11.0,11,0.0,10,0,20.0,11,91.0,0.0,6.867376055972686,6.0,11.0,4.0,16.0,36.0,6.0,4.0,0.0,0.0,0.0
617,13535,98501,-2147440893,10,10,2,12,1.0,1.0,1,0.0,14,0,20.0,14,244.0,0.0,5.264725810009644,1.0,1.0,0.0,0.0,1.0,1.0,0.0,0.0,0.0,0.0
618,13535,98501,-2147440893,10,10,2,12,1.0,1.0,1,0.0,14,0,20.0,14,244.0,0.0,5.264725810009644,1.0,1.0,0.0,0.0,1.0,1.0,0.0,0.0,0.0,0.0
619,13535,98531,-2147440892,16,10,7,46,3.0,16.0,10,1.0,16,0,3.0,46,179.0,0.0,5.715636359221502,5.0,16.0,0.0,0.0,25.0,5.0,0.0,5.0,25.0,5.0
620,13535,98531,-2147440892,16,10,7,46,3.0,16.0,10,1.0,16,0,3.0,46,179.0,0.0,5.715636359221502,5.0,16.0,0.0,0.0,25.0,5.0,0.0,5.0,25.0,5.0
621,13535,98563,-2147440893,13,13,2,34,1.0,1.0,1,0.0,40,0,286.0,43,364.0,0.0,2.4771034334087805,1.0,1.0,0.0,0.0,1.0,1.0,0.0,0.0,0.0,0.0
622,13535,98563,-2147440893,13,13,2,34,1.0,1.0,1,0.0,40,0,286.0,43,364.0,0.0,2.4771034334087805,1.0,1.0,0.0,0.0,1.0,1.0,0.0,0.0,0.0,0.0
623,13535,98623,-2147440892,15,15,2,9,1.0,1.0,1,0.0,10,0,46.0,13,364.0,0.0,4.08968107539596,1.0,1.0,0.0,0.0,1.0,1.0,0.0,0.0,0.0,0.0
624,13535,98623,-2147440892,15,15,2,9,1.0,1.0,1,0.0,10,0,46.0,13,364.0,0.0,4.08968107539596,1.0,1.0,0.0,0.0,1.0,1.0,0.0,0.0,0.0,0.0
625,13535,98623,-2147440891,12,7,2,4,1.0,1.0,1,5.0,4,0,0.0,4,244.0,0.0,5.454816768025806,1.0,1.0,0.0,0.0,1.0,1.0,0.0,0.0,0.0,0.0
626,13535,98672,-2147440892,12,5,3,8,6.0,8.0,6,3.5,10,0,10.0,14,275.0,0.0,6.47387891467196,6.0,8.0,0.0,0.0,36.0,6.0,0.0,0.0,0.0,0.0
627,13535,98672,-2147440892,12,5,3,8,6.0,8.0,6,3.5,10,0,10.0,14,275.0,0.0,6.47387891467196,6.0,8.0,0.0,0.0,36.0,6.0,0.0,0.0,0.0,0.0
628,13535,98730,-2147440891,12,7,2,21,4.0,10.0,7,5.0,25,0,0.0,25,334.0,0.0,4.401470064378602,4.0,10.0,0.0,0.0,16.0,4.0,0.0,0.0,0.0,0.0
629,13535,98747,-2147440893,14,9,3,18,18.0,19.0,18,2.5,10,0,0.0,14,213.0,0.0,7.778469761609067,7.0,19.0,0.0,0.0,49.0,7.0,0.0,0.0,0.0,0.0
630,13535,98783,-2147440893,16,5,4,19,4.0,9.0,7,3.6666666666666665,20,0,0.0,16,306.0,0.0,2.4697591106784826,2.0,9.0,0.0,0.0,4.0,2.0,0.0,0.0,0.0,0.0
631,13535,98783,-2147440893,16,5,4,19,4.0,9.0,7,3.6666666666666665,20,0,0.0,16,306.0,0.0,2.4697591106784826,2.0,9.0,0.0,0.0,4.0,2.0,0.0,0.0,0.0,0.0
632,13535,98812,-2147440893,10,5,2,29,6.0,30.0,18,5.0,20,0,0.0,19,122.0,0.0,6.50496509548015,6.0,30.0,0.0,0.0,36.0,6.0,0.0,0.0,0.0,0.0
633,13535,98826,-2147440893,12,12,2,20,15.0,15.0,15,0.0,12,0,20.0,20,152.0,0.0,6.5762934281174505,6.0,15.0,0.0,0.0,36.0,6.0,0.0,0.0,0.0,0.0
634,13535,98826,-2147440893,12,12,2,20,15.0,15.0,15,0.0,12,0,20.0,20,152.0,0.0,6.5762934281174505,6.0,15.0,0.0,0.0,36.0,6.0,0.0,0.0,0.0,0.0
635,13535,98828,-2147440893,14,9,3,4,4.0,4.0,4,2.5,5,0,0.0,5,487.0,0.0,1.2849172813471421,1.0,4.0,0.0,0.0,1.0,1.0,0.0,0.0,0.0,0.0
636,13535,98836,-2147440893,12,5,3,14,11.0,20.0,14,3.5,20,0,0.0,20,425.0,0.0,9.437307356357632,9.0,20.0,0.0,0.0,81.0,9.0,0.0,0.0,0.0,0.0
637,13535,98843,-2147440893,9,7,2,19,1.0,19.0,10,2.0,10,0,26.0,10,123.0,0.0,6.4661448963491015,6.0,19.0,0.0,0.0,36.0,6.0,0.0,0.0,0.0,0.0
638,13535,98843,-2147440893,9,7,2,19,1.0,19.0,10,2.0,10,0,26.0,10,123.0,0.0,6.4661448963491015,6.0,19.0,0.0,0.0,36.0,6.0,0.0,0.0,0.0,0.0
639,13535,98852,-2147440893,12,12,2,14,2.0,2.0,2,0.0,10,0,0.0,20,60.0,0.0,7.719114976640235,2.0,2.0,9.0,81.0,4.0,2.0,9.0,0.0,0.0,0.0
640,13535,98884,-2147440893,16,10,2,8,5.0,8.0,6,6.0,6,0,0.0,4,275.0,0.0,5.036017620358463,5.0,8.0,0.0,0.0,25.0,5.0,0.0,0.0,0.0,0.0
641,13535,98884,-2147440893,16,10,2,8,5.0,8.0,6,6.0,6,0,0.0,4,275.0,0.0,5.036017620358463,5.0,8.0,0.0,0.0,25.0,5.0,0.0,0.0,0.0,0.0
642,13535,98885,-2147440892,16,10,2,8,3.0,4.0,3,6.0,10,0,0.0,6,244.0,0.0,5.220544037433955,4.0,4.0,0.0,0.0,16.0,4.0,0.0,0.0,0.0,0.0
643,13535,98885,-2147440892,16,10,2,8,3.0,4.0,3,6.0,10,0,0.0,6,244.0,0.0,5.220544037433955,4.0,4.0,0.0,0.0,16.0,4.0,0.0,0.0,0.0,0.0
644,13535,98894,-2147440893,12,5,2,7,2.0,8.0,5,7.0,5,0,0.0,5,276.0,0.0,5.128327454031286,5.0,8.0,0.0,0.0,25.0,5.0,0.0,0.0,0.0,0.0
645,13535,98901,-2147440892,11,11,2,2,2.0,2.0,2,0.0,2,0,0.0,2,425.0,0.0,3.664981687925092,2.0,2.0,0.0,0.0,4.0,2.0,0.0,0.0,0.0,0.0
646,13535,98909,-2147440893,11,5,3,13,4.0,5.0,4,3.0,10,0,6.0,12,21.0,12.0,7.2509495442020135,5.0,5.0,5.0,49.0,49.0,7.0,7.0,0.0,144.0,12.0
647,13535,98909,-2147440893,11,5,3,13,4.0,5.0,4,3.0,10,0,6.0,12,21.0,12.0,7.2509495442020135,5.0,5.0,5.0,49.0,49.0,7.0,7.0,0.0,144.0,12.0
648,13535,98948,-2147440892,16,9,4,25,3.0,14.0,8,2.3333333333333335,14,0,6.0,18,183.0,0.0,5.30023242881276,5.0,14.0,0.0,0.0,25.0,5.0,0.0,0.0,0.0,0.0
649,13535,98948,-2147440892,16,9,4,25,3.0,14.0,8,2.3333333333333335,14,0,6.0,18,183.0,0.0,5.30023242881276,5.0,14.0,0.0,0.0,25.0,5.0,0.0,0.0,0.0,0.0
650,13535,98949,-2147440893,14,14,2,22,18.0,18.0,18,0.0,12,0,0.0,16,395.0,0.0,4.079527556990945,4.0,18.0,0.0,0.0,16.0,4.0,0.0,0.0,0.0,0.0
651,13535,98962,-2147440893,14,14,2,26,15.0,15.0,15,0.0,20,0,20.0,22,395.0,0.0,3.8094398922458996,3.0,15.0,0.0,0.0,9.0,3.0,0.0,0.0,0.0,0.0
652,13535,98962,-2147440893,14,14,2,26,15.0,15.0,15,0.0,20,0,20.0,22,395.0,0.0,3.8094398922458996,3.0,15.0,0.0,0.0,9.0,3.0,0.0,0.0,0.0,0.0
653,13535,98963,-2147440893,12,6,3,28,25.0,30.0,28,3.0,30,0,0.0,30,275.0,0.0,15.526701013514614,15.0,30.0,0.0,0.0,225.0,15.0,0.0,0.0,0.0,0.0
654,13535,98963,-2147440892,12,6,2,20,20.0,20.0,20,6.0,20,0,0.0,20,275.0,0.0,5.02687914652644,5.0,20.0,0.0,0.0,25.0,5.0,0.0,0.0,0.0,0.0
655,13535,98963,-2147440891,12,6,3,10,10.0,10.0,10,3.0,10,0,0.0,10,275.0,0.0,5.1547242710871135,5.0,10.0,0.0,0.0,25.0,5.0,0.0,0.0,0.0,0.0
656,13535,98968,-2147440893,13,13,2,22,1.0,1.0,1,0.0,25,0,176.0,18,293.0,0.0,3.459141025119049,1.0,1.0,0.0,0.0,1.0,1.0,0.0,0.0,0.0,0.0
657,13535,98968,-2147440893,13,13,2,22,1.0,1.0,1,0.0,25,0,176.0,18,293.0,0.0,3.459141025119049,1.0,1.0,0.0,0.0,1.0,1.0,0.0,0.0,0.0,0.0
658,13535,98976,-2147440893,14,14,2,77,5.0,5.0,5,0.0,50,0,33.0,52,91.0,0.0,6.542407505940844,5.0,5.0,23.0,529.0,25.0,5.0,23.0,0.0,0.0,0.0
659,13535,98976,-2147440893,14,14,2,77,5.0,5.0,5,0.0,50,0,33.0,52,91.0,0.0,6.542407505940844,5.0,5.0,23.0,529.0,25.0,5.0,23.0,0.0,0.0,0.0
660,13535,98976,-2147440892,13,10,4,43,1.0,9.0,5,1.0,40,0,0.0,48,91.0,0.0,12.734703807439116,9.0,9.0,21.0,441.0,81.0,9.0,21.0,0.0,0.0,0.0
661,13535,99010,-2147440892,13,13,2,29,1.0,1.0,1,0.0,16,0,46.0,21,275.0,0.0,5.027355524740548,1.0,1.0,0.0,0.0,1.0,1.0,0.0,0.0,0.0,0.0
662,13535,99010,-2147440892,13,13,2,29,1.0,1.0,1,0.0,16,0,46.0,21,275.0,0.0,5.027355524740548,1.0,1.0,0.0,0.0,1.0,1.0,0.0,0.0,0.0,0.0
663,13535,99010,-2147440891,12,7,2,18,8.0,10.0,9,5.0,20,0,0.0,20,275.0,0.0,5.02687914652644,5.0,10.0,0.0,0.0,25.0,5.0,0.0,0.0,0.0,0.0
664,13535,KIT0008,-2147440892,15,7,4,1,1.0,1.0,1,2.6666666666666665,1,0,0.0,1,59.0,0.0,4.2460256543763695,1.0,1.0,0.0,0.0,1.0,1.0,0.0,0.0,0.0,0.0
665,13535,KIT0008,-2147440892,15,7,4,1,1.0,1.0,1,2.6666666666666665,1,0,0.0,1,59.0,0.0,4.2460256543763695,1.0,1.0,0.0,0.0,1.0,1.0,0.0,0.0,0.0,0.0
666,13535,KIT0009,-2147440892,16,7,2,1,1.0,1.0,1,9.0,1,0,0.0,1,303.0,0.0,4.888831139585232,1.0,1.0,0.0,0.0,1.0,1.0,0.0,0.0,0.0,0.0
667,13535,KIT0009,-2147440892,16,7,2,1,1.0,1.0,1,9.0,1,0,0.0,1,303.0,0.0,4.888831139585232,1.0,1.0,0.0,0.0,1.0,1.0,0.0,0.0,0.0,0.0
668,13535,KIT9999M,-2147440892,13,10,5,2,1.0,1.0,1,0.75,2,0,10.0,2,38.0,0.0,3.3654071693503234,1.0,1.0,0.0,0.0,1.0,1.0,0.0,1.0,1.0,1.0
669,13535,KIT9999M,-2147440892,13,10,5,2,1.0,1.0,1,0.75,2,0,10.0,2,38.0,0.0,3.3654071693503234,1.0,1.0,0.0,0.0,1.0,1.0,0.0,1.0,1.0,1.0
670,13535,KIT9999RF,-2147440892,15,7,6,2,1.0,2.0,1,1.6,2,0,0.0,2,40.0,0.0,-0.6999998704723065,0.0,2.0,0.0,0.0,0.0,0.0,0.0,0.0,0.0,0.0
671,13535,NC00027,-2147440893,16,5,24,2,2.0,7.0,3,0.4782608695652174,2,0,0.0,2,6.0,4.0,3.15407756526627,3.0,7.0,0.0,16.0,1.0,1.0,4.0,3.0,1.0,1.0
672,13535,NC00027,-2147440893,16,5,24,2,2.0,7.0,3,0.4782608695652174,2,0,0.0,2,6.0,4.0,3.15407756526627,3.0,7.0,0.0,16.0,1.0,1.0,4.0,3.0,1.0,1.0
673,13535,NC00027,-2147440892,16,5,24,4,3.0,12.0,5,0.4782608695652174,6,0,13.0,6,12.0,10.0,6.023268755219149,6.0,12.0,2.0,64.0,16.0,4.0,8.0,6.0,16.0,4.0
674,13535,NC00027,-2147440892,16,5,24,4,3.0,12.0,5,0.4782608695652174,6,0,13.0,6,12.0,10.0,6.023268755219149,6.0,12.0,2.0,64.0,16.0,4.0,8.0,6.0,16.0,4.0
675,13535,TG03,-2147440892,13,8,3,16,8.0,12.0,9,2.5,16,0,120.0,12,353.0,0.0,-5.627991372174069,0.0,12.0,0.0,0.0,0.0,0.0,0.0,0.0,0.0,0.0
676,13535,TG03,-2147440892,13,8,3,16,8.0,12.0,9,2.5,16,0,120.0,12,353.0,0.0,-5.627991372174069,0.0,12.0,0.0,0.0,0.0,0.0,0.0,0.0,0.0,0.0
