clientkey,medid,lastmodifieddatetime,unitcost,hdp_shardid,sourcesystemkey
13535,00001,2021-08-10 00:11:16.423,0.37789,15,2
13535,00003,2021-08-10 00:11:16.423,4.338,15,2
13535,00004,2021-08-10 00:11:16.423,0.2467,15,2
13535,00009,2021-08-10 00:11:16.423,0.11319,15,2
13535,00014,2021-08-10 00:11:16.423,62.87576,15,2
13535,00024,2021-08-10 00:11:16.423,0.35717,15,2
13535,00030,2021-08-10 00:11:16.423,0.04701,15,2
13535,00036,2021-08-10 00:11:16.423,0.78783,15,2
13535,00040,2021-08-10 00:11:16.423,0.23941,15,2
13535,00042,2021-08-10 00:11:16.423,0.11351,15,2
13535,00045,2021-08-10 00:11:16.423,0.494,15,2
13535,00051,2021-08-10 00:11:16.423,286.81,15,2
13535,00052,2021-08-10 00:11:16.423,0.37833,15,2
13535,00063,2021-08-10 00:11:16.423,0.15378,15,2
13535,00067,2019-08-28 03:43:38.49,1.53267,15,2
13535,00077,2021-05-05 00:00:59.177,11.13704,15,2
13535,00079,2021-08-10 00:11:16.423,4.303,15,2
13535,00082,2021-08-10 00:11:16.423,6.424,15,2
13535,00092,2021-08-10 00:11:16.423,8.7365,15,2
13535,00093,2021-08-10 00:11:16.423,6.7955,15,2
13535,00104,2021-08-10 00:11:16.423,18.4935,15,2
13535,00105,2021-08-10 00:11:16.423,10.0735,15,2
13535,00106,2021-08-10 00:11:16.423,4.622,15,2
13535,00110,2021-08-10 00:11:16.423,6.175,15,2
13535,00111,2021-08-10 00:11:16.423,9.9452,15,2
13535,00116,2021-08-10 00:11:16.423,7.41,15,2
13535,00117,2021-08-10 00:11:16.423,6.759,15,2
13535,00122,2020-04-17 03:56:50.08,17.77002,15,2
13535,00123,2021-08-10 00:11:16.423,0.14,15,2
13535,00124,2021-05-05 00:00:59.177,8.2955,15,2
13535,00125,2021-05-05 00:00:59.177,10.945,15,2
13535,00127,2021-08-10 00:11:16.423,19.068,15,2
13535,00129,2021-08-10 00:11:16.423,0.33222,15,2
13535,00130,2021-08-10 00:11:16.423,2.1429,15,2
13535,00135,2021-05-05 00:00:59.177,0.4124,15,2
13535,00139,2021-08-10 00:11:16.423,0.17718,15,2
13535,00141,2021-08-10 00:11:16.423,1.28633,15,2
13535,00150,2021-05-05 00:00:59.177,8.4,15,2
13535,00152,2021-08-10 00:11:16.423,0.13396,15,2
13535,00153,2021-08-10 00:11:16.423,2.534,15,2
13535,00154,2021-08-10 00:11:16.423,0.11809,15,2
13535,00163,2021-08-10 00:11:16.423,8.142,15,2
13535,00196,2021-08-10 00:11:16.423,3.097,15,2
13535,00202,2021-08-10 00:11:16.423,0.38133,15,2
13535,00205,2021-08-10 00:11:16.423,1.96,15,2
13535,00209,2021-08-10 00:11:16.423,10.6704,15,2
13535,00214,2021-08-10 00:11:16.423,3.027,15,2
13535,00217,2021-08-10 00:11:16.423,7.751,15,2
13535,00218,2021-08-10 00:11:16.423,1.7552,15,2
13535,00219,2021-08-10 00:11:16.423,0.62851,15,2
13535,00231,2021-08-10 00:11:16.423,4.504,15,2
13535,00250,2021-08-10 00:11:16.423,0.20789,15,2
13535,00262,2021-08-10 00:11:16.423,4.812,15,2
13535,00266,2021-08-10 00:11:16.423,2.155,15,2
13535,00270,2021-08-10 00:11:16.423,0.20471,15,2
13535,00275,2021-08-10 00:11:16.423,3.4329,15,2
13535,00289,2021-05-05 00:00:59.177,5.14533,15,2
13535,00303,2021-08-10 00:11:16.423,4.9032,15,2
13535,00305,2021-08-10 00:11:16.423,4.3245,15,2
13535,00314,2021-08-10 00:11:16.423,3.23994,15,2
13535,00315,2021-08-10 00:11:16.423,3.12,15,2
13535,00316,2021-08-10 00:11:16.423,5.18,15,2
13535,00319,2021-08-10 00:11:16.423,5.504,15,2
13535,00320,2021-08-10 00:11:16.423,3.435,15,2
13535,00324,2021-05-05 00:00:59.177,1.31987,15,2
13535,00373,2021-08-10 00:11:16.423,0.13036,15,2
13535,00398,2021-08-10 00:11:16.423,0.57329,15,2
13535,00415,2021-08-10 00:11:16.423,29.056,15,2
13535,00421,2021-08-10 00:11:16.423,49.03075,15,2
13535,00425,2021-08-10 00:11:16.423,31.33071,15,2
13535,00435,2021-08-10 00:11:16.423,4.678,15,2
13535,00436,2021-08-10 00:11:16.423,7.777,15,2
13535,00500,2021-08-10 00:11:16.423,3.2538,15,2
13535,00524,2021-08-10 00:11:16.423,1.89,15,2
13535,00711,2021-08-10 00:11:16.423,0.07123,15,2
13535,00745,2021-08-10 00:11:16.423,0.08963,15,2
13535,00826,2021-08-10 00:11:16.423,0.3065,15,2
13535,00883,2021-05-05 00:00:59.177,224.112,15,2
13535,01013,2021-08-10 00:11:16.423,0.10251,15,2
13535,01015,2021-08-10 00:11:16.423,1.77033,15,2
13535,01017,2021-05-05 00:00:59.177,23.5,15,2
13535,01030,2020-04-17 03:56:50.08,6.15,15,2
13535,01249,2021-08-10 00:11:16.423,19.578,15,2
13535,01433,2021-08-10 00:11:16.423,31.78,15,2
13535,01448,2021-08-10 00:11:16.423,5.45548,15,2
13535,01556,2021-08-10 00:11:16.423,0.7501,15,2
13535,01583,2021-08-10 00:11:16.423,1.326,15,2
13535,01747,2021-08-10 00:11:16.423,4.1388,15,2
13535,01752,2021-08-10 00:11:16.423,5.321,15,2
13535,01848,2021-05-05 00:00:59.177,27.45844,15,2
13535,01851,2021-05-05 00:00:59.177,3.7625,15,2
13535,01990,2021-08-10 00:11:16.423,1.2712,15,2
13535,02052,2021-08-10 00:11:16.423,1.9976,15,2
13535,02097,2021-08-10 00:11:16.423,0.52497,15,2
13535,02105,2021-08-10 00:11:16.423,0.0823,15,2
13535,02305,2021-08-10 00:11:16.423,0.218,15,2
13535,02359,2021-08-10 00:11:16.423,0.02512,15,2
13535,02368,2021-08-10 00:11:16.423,0.90905,15,2
13535,02504,2021-08-10 00:11:16.423,0.1036,15,2
13535,02507,2021-08-10 00:11:16.423,194.64001,15,2
13535,02567,2021-08-10 00:11:16.423,0.01726,15,2
13535,02600,2021-08-10 00:11:16.423,2.45415,15,2
13535,02791,2021-08-10 00:11:16.423,0.57533,15,2
13535,02889,2021-08-10 00:11:16.423,0.0515,15,2
13535,02921,2021-08-10 00:11:16.423,2.14288,15,2
13535,03033,2019-08-28 03:43:38.49,1.8992,15,2
13535,03134,2021-05-05 00:00:59.177,16.3263,15,2
13535,03142,2021-08-10 00:11:16.423,0.82058,15,2
13535,03236,2021-08-10 00:11:16.423,10.16,15,2
13535,03285,2021-05-05 00:00:59.177,1.426,15,2
13535,03394,2021-08-10 00:11:16.423,0.61812,15,2
13535,03547,2021-08-10 00:11:16.423,0.10903,15,2
13535,03669,2021-08-10 00:11:16.423,41.409,15,2
13535,03780,2021-08-10 00:11:16.423,80.8575,15,2
13535,03810,2021-08-10 00:11:16.423,17.1408,15,2
13535,03954,2021-08-10 00:11:16.423,0.00442,15,2
13535,04091,2021-08-10 00:11:16.423,1.19926,15,2
13535,04145,2021-08-10 00:11:16.423,45.01,15,2
13535,04196,2021-08-10 00:11:16.423,0.5873,15,2
13535,04234,2021-08-10 00:11:16.423,6.93133,15,2
13535,04383,2021-08-10 00:11:16.423,3.2001,15,2
13535,04518,2021-08-10 00:11:16.423,0.1803,15,2
13535,04946,2021-08-10 00:11:16.423,2.452,15,2
13535,05116,2021-08-10 00:11:16.423,0.4904,15,2
13535,05193,2021-08-10 00:11:16.423,7.682,15,2
13535,05501,2021-08-10 00:11:16.423,0.03282,15,2
13535,05505,2021-08-10 00:11:16.423,0.1453,15,2
13535,05709,2021-08-10 00:11:16.423,0.07535,15,2
13535,05835,2021-08-10 00:11:16.423,1.65333,15,2
13535,05998,2021-08-10 00:11:16.423,0.63653,15,2
13535,06091,2021-08-10 00:11:16.423,0.05776,15,2
13535,06104,2021-05-05 00:00:59.177,8.1594,15,2
13535,06106,2021-08-10 00:11:16.423,0.0587,15,2
13535,06208,2021-05-05 00:00:59.177,1.14236,15,2
13535,06233,2021-08-10 00:11:16.423,0.9808,15,2
13535,06239,2021-08-10 00:11:16.423,0.06702,15,2
13535,06246,2021-08-10 00:11:16.423,0.06176,15,2
13535,06253,2021-08-10 00:11:16.423,1.244,15,2
13535,06272,2021-08-10 00:11:16.423,1.0352,15,2
13535,06484,2021-08-10 00:11:16.423,1.7706,15,2
13535,06495,2021-08-10 00:11:16.423,2.951,15,2
13535,06623,2021-08-10 00:11:16.423,0.0059,15,2
13535,06848,2021-08-10 00:11:16.423,0.8584,15,2
13535,07427,2021-08-10 00:11:16.423,1.43,15,2
13535,07452,2021-08-10 00:11:16.423,0.32052,15,2
13535,07453,2021-08-10 00:11:16.423,6.54225,15,2
13535,07683,2021-08-10 00:11:16.423,0.15286,15,2
13535,07824,2021-08-10 00:11:16.423,9.40947,15,2
13535,07874,2021-08-10 00:11:16.423,44.77,15,2
13535,08184,2021-08-10 00:11:16.423,1.11,15,2
13535,08226,2021-08-10 00:11:16.423,0.1408,15,2
13535,08318,2021-08-10 00:11:16.423,2.003,15,2
13535,08342,2021-08-10 00:11:16.423,0.33066,15,2
13535,08418,2021-08-10 00:11:16.423,0.28154,15,2
13535,08449,2021-08-10 00:11:16.423,21.71754,15,2
13535,08934,2021-08-10 00:11:16.423,0.02746,15,2
13535,09137,2021-05-05 00:00:59.177,0.13393,15,2
13535,09167,2021-08-10 00:11:16.423,0.29697,15,2
13535,09274,2021-08-10 00:11:16.423,0.51606,15,2
13535,09518,2021-08-10 00:11:16.423,16.344,15,2
13535,09556,2021-08-10 00:11:16.423,3.26,15,2
13535,09838,2021-08-10 00:11:16.423,13.1388,15,2
13535,09892,2021-08-10 00:11:16.423,44.92005,15,2
13535,10102,2021-08-10 00:11:16.423,2.24584,15,2
13535,101626738,2021-08-10 00:11:16.423,24.22915,15,2
13535,101817651,2021-08-10 00:11:16.423,11.1099,15,2
13535,102409151,2021-08-10 00:11:16.423,0.88257,15,2
13535,102464698,2021-08-10 00:11:16.423,11.00229,15,2
13535,103254774,2021-08-10 00:11:16.423,13.13,15,2
13535,103587326,2021-08-10 00:11:16.423,19.9,15,2
13535,10369,2021-08-10 00:11:16.423,6.24722,15,2
13535,103739261,2021-08-10 00:11:16.423,73.02,15,2
13535,103785432,2021-08-10 00:11:16.423,0.90566,15,2
13535,103924866,2021-08-10 00:11:16.423,1.1105,15,2
13535,104361704,2020-04-15 04:09:03.17,0.0,15,2
13535,104485934,2021-08-10 00:11:16.423,25.66,15,2
13535,104648811,2021-08-10 00:11:16.423,6.09688,15,2
13535,10465,2021-08-10 00:11:16.423,0.12378,15,2
13535,104998436,2020-04-15 04:09:03.17,5.51,15,2
13535,10550,2021-08-10 00:11:16.423,0.09335,15,2
13535,106142977,2021-08-10 00:11:16.423,7.45644,15,2
13535,106263889,2021-08-10 00:11:16.423,8.90819,15,2
13535,106412510,2021-08-10 00:11:16.423,0.192,15,2
13535,106649219,2021-08-10 00:11:16.423,64.8,15,2
13535,10737412,2021-08-10 00:11:16.423,8.171,15,2
13535,108052755,2020-04-15 04:09:03.17,10.17,15,2
13535,108054622,2021-08-10 00:11:16.423,51.61,15,2
13535,108145667,2021-08-10 00:11:16.423,13.22496,15,2
13535,10882,2021-08-10 00:11:16.423,3.45,15,2
13535,10908,2021-08-10 00:11:16.423,7.414,15,2
13535,109261334,2019-11-08 01:39:09.413,4.5,15,2
13535,109348490,2021-08-10 00:11:16.423,194.51,15,2
13535,10941453,2021-08-10 00:11:16.423,1.0448,15,2
13535,109705845,2021-05-05 00:00:59.177,8.1475,15,2
13535,11008,2021-08-10 00:11:16.423,1.244,15,2
13535,110824249,2021-08-10 00:11:16.423,22.28,15,2
13535,11098,2021-05-05 00:00:59.177,0.94995,15,2
13535,11292,2021-08-10 00:11:16.423,19.07,15,2
13535,113005324,2021-08-10 00:11:16.423,21.09,15,2
13535,11356,2021-08-10 00:11:16.423,36.31,15,2
13535,113603240,2021-08-10 00:11:16.423,7.7365,15,2
13535,113617079,2021-08-10 00:11:16.423,0.7709,15,2
13535,113786118,2021-08-10 00:11:16.423,0.07254,15,2
13535,115808413,2021-08-10 00:11:16.423,5.29667,15,2
13535,11655,2021-08-10 00:11:16.423,0.09803,15,2
13535,11734,2021-08-10 00:11:16.423,25.97175,15,2
13535,117534629,2021-08-10 00:11:16.423,2.367,15,2
13535,11814,2021-08-10 00:11:16.423,0.0554,15,2
13535,11963,2020-04-17 03:56:50.08,0.22894,15,2
13535,11993,2021-08-10 00:11:16.423,5.9374,15,2
13535,12004513,2020-08-06 01:00:08.713,52.6,15,2
13535,120581657,2021-08-10 00:11:16.423,366.8499,15,2
13535,120735390,2021-08-10 00:11:16.423,4.38999,15,2
13535,12118894,2021-08-10 00:11:16.423,32.65998,15,2
13535,12128,2021-08-10 00:11:16.423,0.63804,15,2
13535,12129,2021-08-10 00:11:16.423,0.24045,15,2
13535,12198,2021-08-10 00:11:16.423,0.34457,15,2
13535,122717144,2020-08-06 01:00:08.713,334.18,15,2
13535,12303,2021-05-05 00:00:59.177,1.37936,15,2
13535,123523488,2021-08-10 00:11:16.423,15.547,15,2
13535,12402070,2020-04-10 07:25:52.107,16.79,15,2
13535,12406171,2021-08-10 00:11:16.423,5.0,15,2
13535,12484591,2019-08-28 03:43:38.49,14.08,15,2
13535,12489887,2021-08-10 00:11:16.423,4.15,15,2
13535,124905135,2021-05-05 00:00:59.177,19.427,15,2
13535,12518,2021-08-10 00:11:16.423,0.00583,15,2
13535,12529007,2021-08-10 00:11:16.423,1.05,15,2
13535,12562,2021-05-05 00:00:59.177,31.2,15,2
13535,12833,2021-08-10 00:11:16.423,0.21008,15,2
13535,128652271,2019-08-28 03:43:38.49,11.74,15,2
13535,12899356,2021-08-10 00:11:16.423,1.60492,15,2
13535,130554152,2019-08-28 03:43:38.49,0.03,15,2
13535,130766078,2020-08-06 01:00:08.713,116.43,15,2
13535,131950448,2021-08-10 00:11:16.423,342.3,15,2
13535,13259606,2021-08-10 00:11:16.423,0.51467,15,2
13535,13268,2021-08-10 00:11:16.423,0.03832,15,2
13535,13307,2021-08-10 00:11:16.423,1.27346,15,2
13535,133310603,2019-08-28 03:43:38.49,4.5,15,2
13535,13364,2021-08-10 00:11:16.423,8.608,15,2
13535,134631657,2021-08-10 00:11:16.423,7.15995,15,2
13535,13587,2021-08-10 00:11:16.423,37.355,15,2
13535,13593,2021-08-10 00:11:16.423,0.05042,15,2
13535,13710455,2021-08-10 00:11:16.423,0.6636,15,2
13535,13735343,2021-08-10 00:11:16.423,0.0488,15,2
13535,13754297,2021-08-10 00:11:16.423,0.40431,15,2
13535,13755629,2021-08-10 00:11:16.423,0.40431,15,2
13535,13802,2021-08-10 00:11:16.423,0.2634,15,2
13535,13861,2021-08-10 00:11:16.423,12.52995,15,2
13535,139339901,2021-08-10 00:11:16.423,5.06011,15,2
13535,13973,2021-08-10 00:11:16.423,0.7542,15,2
13535,14014,2021-08-10 00:11:16.423,24.6249,15,2
13535,140904693,2021-08-10 00:11:16.423,1.499,15,2
13535,14173,2021-08-10 00:11:16.423,0.3723,15,2
13535,14300,2021-08-10 00:11:16.423,3.64995,15,2
13535,14324,2021-08-10 00:11:16.423,0.02308,15,2
13535,143547710,2021-08-10 00:11:16.423,0.12125,15,2
13535,14377,2021-08-10 00:11:16.423,0.0583,15,2
13535,144677305,2021-08-10 00:11:16.423,0.00827,15,2
13535,144825663,2021-08-10 00:11:16.423,1.9566,15,2
13535,145129269,2021-08-10 00:11:16.423,0.52279,15,2
13535,145133852,2021-08-10 00:11:16.423,0.07846,15,2
13535,145368638,2021-05-05 00:00:59.177,0.0713,15,2
13535,145728174,2021-08-10 00:11:16.423,0.01197,15,2
13535,145779430,2021-08-10 00:11:16.423,0.02188,15,2
13535,146352728,2021-08-10 00:11:16.423,17.284,15,2
13535,146773825,2021-08-10 00:11:16.423,15.695,15,2
13535,147764627,2020-04-15 04:09:03.17,5.42,15,2
13535,147838544,2019-08-28 03:43:38.49,23.91,15,2
13535,148024511,2021-08-10 00:11:16.423,0.02875,15,2
13535,148026242,2021-08-10 00:11:16.423,0.01898,15,2
13535,148088065,2021-08-10 00:11:16.423,0.227,15,2
13535,148315070,2021-08-10 00:11:16.423,0.02757,15,2
13535,149397497,2019-11-08 01:39:09.413,17.65,15,2
13535,149544937,2021-08-10 00:11:16.423,2.7372,15,2
13535,150134760,2021-08-10 00:11:16.423,837.5007,15,2
13535,150823652,2021-05-05 00:00:59.177,15.0232,15,2
13535,15083,2021-08-10 00:11:16.423,5.358,15,2
13535,151542841,2021-08-10 00:11:16.423,0.67755,15,2
13535,15176,2021-08-10 00:11:16.423,0.08377,15,2
13535,15246,2021-08-10 00:11:16.423,15.13801,15,2
13535,15259,2021-08-10 00:11:16.423,1.344,15,2
13535,15260,2021-08-10 00:11:16.423,3.3144,15,2
13535,15303,2021-08-10 00:11:16.423,2.0205,15,2
13535,15320,2021-08-10 00:11:16.423,3.396,15,2
13535,1535017,2021-08-10 00:11:16.423,4.97705,15,2
13535,15359,2019-08-28 03:43:38.49,0.19,15,2
13535,1541301,2021-08-10 00:11:16.423,0.7882,15,2
13535,154399514,2021-05-05 00:00:59.177,15.0,15,2
13535,1547373,2021-08-10 00:11:16.423,0.12642,15,2
13535,15488,2021-08-10 00:11:16.423,0.6276,15,2
13535,155138059,2021-08-10 00:11:16.423,11.41664,15,2
13535,15567,2021-08-10 00:11:16.423,8.3532,15,2
13535,15647,2021-08-10 00:11:16.423,0.31892,15,2
13535,1565830,2021-08-10 00:11:16.423,0.2001,15,2
13535,156666817,2021-08-10 00:11:16.423,18.104,15,2
13535,15678,2021-08-10 00:11:16.423,19.11333,15,2
13535,1568484,2021-05-05 00:00:59.177,1.38,15,2
13535,157203248,2021-08-10 00:11:16.423,15.691,15,2
13535,1574458,2021-08-10 00:11:16.423,6.0335,15,2
13535,15859,2021-08-10 00:11:16.423,0.15,15,2
13535,159618156,2021-08-10 00:11:16.423,14.17047,15,2
13535,1598515,2021-08-10 00:11:16.423,5.2,15,2
13535,15986,2021-08-10 00:11:16.423,15.27,15,2
13535,16032,2021-05-05 00:00:59.177,1.2458,15,2
13535,16036,2019-11-08 01:39:09.413,10.0,15,2
13535,160960680,2021-08-10 00:11:16.423,0.55565,15,2
13535,16145,2021-08-10 00:11:16.423,0.3635,15,2
13535,1616904,2021-08-10 00:11:16.423,0.3625,15,2
13535,16274,2021-08-10 00:11:16.423,0.20843,15,2
13535,16277,2021-08-10 00:11:16.423,0.218,15,2
13535,16283,2021-08-10 00:11:16.423,0.2268,15,2
13535,162878961,2021-08-10 00:11:16.423,1.33254,15,2
13535,16353,2021-08-10 00:11:16.423,0.0128,15,2
13535,164603545,2021-08-10 00:11:16.423,15.83068,15,2
13535,16465,2021-08-10 00:11:16.423,0.0823,15,2
13535,16466,2021-08-10 00:11:16.423,2.45322,15,2
13535,166959878,2020-08-06 01:00:08.713,291.26,15,2
13535,16745464,2021-08-10 00:11:16.423,1.6,15,2
13535,16757,2021-08-10 00:11:16.423,0.1272,15,2
13535,16786,2021-08-10 00:11:16.423,0.4365,15,2
13535,16847868,2021-08-10 00:11:16.423,3.1525,15,2
13535,169667239,2021-08-10 00:11:16.423,17.12,15,2
13535,1698644228,2021-08-10 00:11:16.423,0.181,15,2
13535,17125,2021-08-10 00:11:16.423,0.68445,15,2
13535,17272,2021-08-10 00:11:16.423,1.50295,15,2
13535,17274,2021-08-10 00:11:16.423,8.128,15,2
13535,174183459,2021-08-10 00:11:16.423,0.07056,15,2
13535,174504086,2021-08-10 00:11:16.423,0.4831,15,2
13535,17577,2021-08-10 00:11:16.423,0.28052,15,2
13535,17589,2021-08-10 00:11:16.423,0.273,15,2
13535,177325140,2020-08-06 01:00:08.713,196.39,15,2
13535,17753,2021-08-10 00:11:16.423,138.98,15,2
13535,17775,2021-08-10 00:11:16.423,21.6422,15,2
13535,17821,2021-08-10 00:11:16.423,32.01,15,2
13535,17851,2021-08-10 00:11:16.423,2.5515,15,2
13535,17878,2021-08-10 00:11:16.423,13.59,15,2
13535,17897,2021-05-05 00:00:59.177,13.6681,15,2
13535,17921,2021-08-10 00:11:16.423,0.18817,15,2
13535,17928,2021-08-10 00:11:16.423,0.8901,15,2
13535,17954,2021-08-10 00:11:16.423,6.6045,15,2
13535,17957,2021-08-10 00:11:16.423,0.1404,15,2
13535,179681334,2020-04-15 04:09:03.17,2.31,15,2
13535,18003,2021-08-10 00:11:16.423,0.2373,15,2
13535,180134563,2021-08-10 00:11:16.423,18.34,15,2
13535,18094,2021-08-10 00:11:16.423,3.7592,15,2
13535,181380097,2021-05-05 00:00:59.177,44.832,15,2
13535,182068749,2021-08-10 00:11:16.423,0.17422,15,2
13535,183121961,2021-08-10 00:11:16.423,16.4985,15,2
13535,183122577,2021-08-10 00:11:16.423,11.786,15,2
13535,18315,2021-08-10 00:11:16.423,6.2424,15,2
13535,183246022,2019-08-28 03:43:38.49,0.01,15,2
13535,184041473,2020-04-15 04:09:03.17,28.41,15,2
13535,18493,2021-08-10 00:11:16.423,15.999,15,2
13535,18614,2021-08-10 00:11:16.423,0.0629,15,2
13535,188179884,2021-08-10 00:11:16.423,8.15585,15,2
13535,18876,2021-08-10 00:11:16.423,0.3444,15,2
13535,18975,2021-08-10 00:11:16.423,11.81,15,2
13535,19037,2021-08-10 00:11:16.423,0.4204,15,2
13535,19187,2021-08-10 00:11:16.423,2.144,15,2
13535,1931041,2021-08-10 00:11:16.423,0.0424,15,2
13535,19336,2021-08-10 00:11:16.423,0.20498,15,2
13535,193566095,2019-11-08 01:39:09.413,4.08,15,2
13535,193615282,2020-04-15 04:09:03.17,1.62,15,2
13535,19442,2021-08-10 00:11:16.423,1.1405,15,2
13535,19752,2021-08-10 00:11:16.423,0.78375,15,2
13535,19781,2019-08-28 03:43:38.49,3.9875,15,2
13535,19783,2021-08-10 00:11:16.423,0.0285,15,2
13535,19821,2021-08-10 00:11:16.423,30.24333,15,2
13535,198341176,2020-04-15 04:09:03.17,1.62,15,2
13535,198582976,2020-04-15 04:09:03.17,5.41,15,2
13535,198634231,2021-08-10 00:11:16.423,8.13944,15,2
13535,19877,2021-08-10 00:11:16.423,0.1015,15,2
13535,19883,2021-08-10 00:11:16.423,0.27265,15,2
13535,19891,2021-05-05 00:00:59.177,0.48362,15,2
13535,1992730,2019-08-28 03:43:38.49,0.00404,15,2
13535,200898729,2020-08-06 01:00:08.713,92.32,15,2
13535,20156,2021-08-10 00:11:16.423,1.311,15,2
13535,20233,2021-08-10 00:11:16.423,0.8628,15,2
13535,2033323,2021-08-10 00:11:16.423,3.8235,15,2
13535,20351,2021-08-10 00:11:16.423,16.337,15,2
13535,203774668,2021-08-10 00:11:16.423,5.87286,15,2
13535,20448,2019-08-28 03:43:38.49,43.47,15,2
13535,20654,2021-08-10 00:11:16.423,12.56685,15,2
13535,206552114,2019-11-08 01:39:09.413,2551.0,15,2
13535,206553126,2019-11-08 01:39:09.413,1913.26,15,2
13535,20666,2021-08-10 00:11:16.423,1.9685,15,2
13535,207467237,2020-08-06 01:00:08.713,2033.7,15,2
13535,20829,2021-08-10 00:11:16.423,0.08589,15,2
13535,209100257,2021-08-10 00:11:16.423,99.821,15,2
13535,210754884,2019-11-08 01:39:09.413,5.66,15,2
13535,210799759,2020-04-10 07:25:52.107,2366.0,15,2
13535,210828000,2021-08-10 00:11:16.423,3.528,15,2
13535,21083,2021-08-10 00:11:16.423,0.6047,15,2
13535,21087,2021-08-10 00:11:16.423,0.69733,15,2
13535,21196,2021-08-10 00:11:16.423,1.05493,15,2
13535,214949366,2020-08-06 01:00:08.713,53.87,15,2
13535,21525,2021-08-10 00:11:16.423,0.04833,15,2
13535,216657454,2020-04-15 04:09:03.17,69.08,15,2
13535,217583012,2020-08-06 01:00:08.713,1.72,15,2
13535,217631743,2020-08-06 01:00:08.713,2596.53,15,2
13535,21785,2021-08-10 00:11:16.423,37.21995,15,2
13535,218033346,2021-08-10 00:11:16.423,1.6562,15,2
13535,218194315,2020-04-15 04:09:03.17,0.13,15,2
13535,218273583,2020-04-15 04:09:03.17,7.52,15,2
13535,21860176,2021-08-10 00:11:16.423,1.4752,15,2
13535,22038,2021-08-10 00:11:16.423,0.07896,15,2
13535,22062,2021-08-10 00:11:16.423,3.75195,15,2
13535,22109137,2021-08-10 00:11:16.423,3.669,15,2
13535,22170,2021-08-10 00:11:16.423,12.735,15,2
13535,22205,2021-08-10 00:11:16.423,1.04462,15,2
13535,223747536,2020-04-15 04:09:03.17,15.43,15,2
13535,22531256,2021-08-10 00:11:16.423,0.3128,15,2
13535,22577,2021-08-10 00:11:16.423,0.0447,15,2
13535,2260150,2021-08-10 00:11:16.423,68.1,15,2
13535,226110337,2020-04-15 04:09:03.17,8.44,15,2
13535,22650928,2021-08-10 00:11:16.423,0.51767,15,2
13535,22733,2021-08-10 00:11:16.423,17.43,15,2
13535,22745,2021-08-10 00:11:16.423,0.05021,15,2
13535,22770,2021-08-10 00:11:16.423,4.18995,15,2
13535,22887,2021-08-10 00:11:16.423,0.03026,15,2
13535,22896164,2021-08-10 00:11:16.423,0.6356,15,2
13535,22896905,2020-04-15 04:09:03.17,1.53,15,2
13535,229087816,2021-05-05 00:00:59.177,9199.604,15,2
13535,22927,2021-08-10 00:11:16.423,0.60703,15,2
13535,23070,2021-08-10 00:11:16.423,48.6965,15,2
13535,230746667,2021-08-10 00:11:16.423,3.88797,15,2
13535,23219,2021-08-10 00:11:16.423,0.986,15,2
13535,23259,2021-08-10 00:11:16.423,0.88005,15,2
13535,23289586,2021-08-10 00:11:16.423,12.9065,15,2
13535,23313303,2021-08-10 00:11:16.423,4.9941,15,2
13535,23324,2021-08-10 00:11:16.423,4.315,15,2
13535,23336753,2021-08-10 00:11:16.423,30.2792,15,2
13535,23349,2021-08-10 00:11:16.423,0.0927,15,2
13535,23402,2021-08-10 00:11:16.423,23.608,15,2
13535,23403,2021-05-05 00:00:59.177,25.0256,15,2
13535,23414,2021-05-05 00:00:59.177,201.353,15,2
13535,23427957,2020-08-06 01:00:08.713,0.42,15,2
13535,23437,2021-08-10 00:11:16.423,0.0337,15,2
13535,23437603,2021-08-10 00:11:16.423,12.3365,15,2
13535,23441894,2019-11-08 01:39:09.413,2472.62,15,2
13535,23442817,2021-08-10 00:11:16.423,21.44,15,2
13535,235017192,2020-04-15 04:09:03.17,5.37,15,2
13535,235152378,2019-11-08 01:39:09.413,4615.0,15,2
13535,235506319,2020-04-15 04:09:03.17,4.66,15,2
13535,235995610,2021-08-10 00:11:16.423,9.57084,15,2
13535,236553101,2019-08-28 03:43:38.49,0.1718,15,2
13535,23680029,2021-08-10 00:11:16.423,3.2349,15,2
13535,238238264,2019-11-08 01:39:09.413,1.89,15,2
13535,23875,2021-08-10 00:11:16.423,0.9536,15,2
13535,23897,2021-08-10 00:11:16.423,0.26614,15,2
13535,23912,2021-08-10 00:11:16.423,4.4448,15,2
13535,24019,2021-08-10 00:11:16.423,0.0848,15,2
13535,24056,2021-08-10 00:11:16.423,0.9039,15,2
13535,241311595,2020-04-15 04:09:03.17,9.22,15,2
13535,241327433,2020-04-15 04:09:03.17,8.63,15,2
13535,24183,2021-08-10 00:11:16.423,0.37203,15,2
13535,24198,2021-08-10 00:11:16.423,0.4158,15,2
13535,24221,2021-08-10 00:11:16.423,0.2397,15,2
13535,24223,2021-08-10 00:11:16.423,458.58,15,2
13535,242583188,2021-08-10 00:11:16.423,195.4878,15,2
13535,24268,2021-08-10 00:11:16.423,0.7417,15,2
13535,24337,2021-08-10 00:11:16.423,0.8263,15,2
13535,24338,2021-08-10 00:11:16.423,0.1055,15,2
13535,244283183,2021-08-10 00:11:16.423,9.307,15,2
13535,24446262,2021-08-10 00:11:16.423,0.081,15,2
13535,244962135,2020-04-15 04:09:03.17,5.65,15,2
13535,24577,2021-08-10 00:11:16.423,2.5516,15,2
13535,24720946,2019-11-08 01:39:09.413,4.5,15,2
13535,24756,2021-08-10 00:11:16.423,0.03951,15,2
13535,24829119,2021-08-10 00:11:16.423,0.00404,15,2
13535,24850,2021-08-10 00:11:16.423,0.90426,15,2
13535,24878351,2021-08-10 00:11:16.423,0.8869,15,2
13535,249045918,2020-04-15 04:09:03.17,5.62,15,2
13535,250288675,2021-08-10 00:11:16.423,7.584,15,2
13535,250289540,2021-08-10 00:11:16.423,5.913,15,2
13535,250290525,2021-05-05 00:00:59.177,1.325,15,2
13535,250701800,2021-05-05 00:00:59.177,45.58995,15,2
13535,25088,2021-08-10 00:11:16.423,0.1176,15,2
13535,25089,2021-08-10 00:11:16.423,0.1244,15,2
13535,25155,2021-08-10 00:11:16.423,7.264,15,2
13535,25157,2021-08-10 00:11:16.423,4.30862,15,2
13535,252470414,2020-04-10 07:25:52.107,1160.71,15,2
13535,25431,2021-08-10 00:11:16.423,0.02543,15,2
13535,25708,2021-08-10 00:11:16.423,5.441,15,2
13535,25724,2021-08-10 00:11:16.423,2.9564,15,2
13535,258126354,2020-04-15 04:09:03.17,11.94,15,2
13535,259242883,2020-04-15 04:09:03.17,0.27,15,2
13535,259719093,2021-08-10 00:11:16.423,0.226,15,2
13535,26026,2021-08-10 00:11:16.423,1.90995,15,2
13535,261220274,2021-08-10 00:11:16.423,9.1976,15,2
13535,262332923,2019-11-08 01:39:09.413,933.28,15,2
13535,262340310,2019-11-08 01:39:09.413,2456.0,15,2
13535,26250,2021-05-05 00:00:59.177,0.1687,15,2
13535,26432,2021-08-10 00:11:16.423,0.0942,15,2
13535,265535475,2020-08-06 01:00:08.713,18.68,15,2
13535,266622800,2021-08-10 00:11:16.423,3.49044,15,2
13535,266774668,2021-08-10 00:11:16.423,0.0713,15,2
13535,26805,2021-08-10 00:11:16.423,0.04579,15,2
13535,268200764,2020-04-15 04:09:03.17,3.54,15,2
13535,26839,2021-08-10 00:11:16.423,0.03546,15,2
13535,268588283,2020-04-15 04:09:03.17,96.71,15,2
13535,268866299,2020-08-06 01:00:08.713,25.26,15,2
13535,269511343,2021-05-05 00:00:59.177,4.626,15,2
13535,269515118,2021-05-05 00:00:59.177,7.8384,15,2
13535,269515507,2020-04-15 04:09:03.17,113.74,15,2
13535,269515941,2021-05-05 00:00:59.177,1.1723,15,2
13535,27084,2021-08-10 00:11:16.423,0.1144,15,2
13535,270989236,2020-04-15 04:09:03.17,6.88,15,2
13535,271304004,2019-08-28 03:43:38.49,9.9984,15,2
13535,271601186,2021-05-05 00:00:59.177,1542.832,15,2
13535,272085204,2019-11-08 01:39:09.413,61.14,15,2
13535,27234550,2020-08-06 01:00:08.713,57.35,15,2
13535,272409337,2019-11-08 01:39:09.413,15.0,15,2
13535,272867879,2020-04-15 04:09:03.17,10.17,15,2
13535,273145279,2019-08-28 03:43:38.49,1.3686,15,2
13535,27323,2021-08-10 00:11:16.423,8.505,15,2
13535,2734857,2021-08-10 00:11:16.423,0.486,15,2
13535,2734935,2021-08-10 00:11:16.423,1.604,15,2
13535,27353,2021-08-10 00:11:16.423,13.0845,15,2
13535,2740167,2021-08-10 00:11:16.423,0.11946,15,2
13535,2740364,2021-08-10 00:11:16.423,790.15,15,2
13535,274065477,2019-08-28 03:43:38.49,33.04,15,2
13535,27421,2021-08-10 00:11:16.423,16.34396,15,2
13535,274744880,2020-04-10 07:25:52.107,4.7,15,2
13535,274871839,2020-04-15 04:09:03.17,10.54,15,2
13535,275798810,2021-05-05 00:00:59.177,44.495,15,2
13535,276008322,2019-11-08 01:39:09.413,10.02,15,2
13535,276296658,2021-05-05 00:00:59.177,16290.7,15,2
13535,276353868,2020-04-10 07:25:52.107,41.98,15,2
13535,27662601,2021-08-10 00:11:16.423,7.509,15,2
13535,279445326,2020-04-15 04:09:03.17,15.86,15,2
13535,279470020,2020-04-15 04:09:03.17,46.74,15,2
13535,279811090,2020-04-15 04:09:03.17,15.52,15,2
13535,280526999,2020-04-15 04:09:03.17,0.11,15,2
13535,281315015,2019-08-28 03:43:38.49,71.68,15,2
13535,281565343,2019-08-28 03:43:38.49,5.85,15,2
13535,28250,2021-08-10 00:11:16.423,4.54,15,2
13535,282688336,2019-11-08 01:39:09.413,19.51,15,2
13535,28321,2021-08-10 00:11:16.423,0.3265,15,2
13535,28601,2021-08-10 00:11:16.423,3.3958,15,2
13535,28603,2021-08-10 00:11:16.423,6.3195,15,2
13535,286959969,2019-11-08 01:39:09.413,41.3,15,2
13535,287097731,2019-11-08 01:39:09.413,4.23,15,2
13535,287105981,2019-11-08 01:39:09.413,4.12,15,2
13535,287124889,2019-11-08 01:39:09.413,3.47,15,2
13535,287664833,2021-05-05 00:00:59.177,2.701,15,2
13535,287953853,2020-04-15 04:09:03.17,0.33,15,2
13535,288444373,2019-11-08 01:39:09.413,15.35,15,2
13535,289316444,2019-08-28 03:43:38.49,4.36,15,2
13535,289746179,2020-04-15 04:09:03.17,0.13,15,2
13535,289906106,2020-08-06 01:00:08.713,180.35,15,2
13535,289971702,2019-11-08 01:39:09.413,3.65,15,2
13535,289983304,2020-04-15 04:09:03.17,1.3,15,2
13535,290236678,2020-04-15 04:09:03.17,0.58,15,2
13535,290311753,2021-08-10 00:11:16.423,8.96267,15,2
13535,290345417,2021-05-05 00:00:59.177,3.033,15,2
13535,290716870,2020-04-10 07:25:52.107,2.84,15,2
13535,291408171,2020-04-15 04:09:03.17,6.58,15,2
13535,291762199,2021-05-05 00:00:59.177,3682.781,15,2
13535,291790015,2019-11-08 01:39:09.413,6.49,15,2
13535,291803930,2021-05-05 00:00:59.177,883.8708,15,2
13535,291857962,2019-11-08 01:39:09.413,92.28,15,2
13535,29280,2021-08-10 00:11:16.423,0.0763,15,2
13535,29312,2021-08-10 00:11:16.423,0.6115,15,2
13535,293306807,2021-05-05 00:00:59.177,515.5685,15,2
13535,2933280,2021-08-10 00:11:16.423,0.2652,15,2
13535,293353050,2020-04-15 04:09:03.17,141.34,15,2
13535,2934509,2021-05-05 00:00:59.177,4237.38,15,2
13535,2934908,2021-08-10 00:11:16.423,0.0224,15,2
13535,2935155,2021-05-05 00:00:59.177,23.60805,15,2
13535,2936134,2021-08-10 00:11:16.423,2.8677,15,2
13535,2936237,2021-08-10 00:11:16.423,1.8888,15,2
13535,2936337,2021-08-10 00:11:16.423,0.41123,15,2
13535,2936633,2021-05-05 00:00:59.177,1.13833,15,2
13535,2936681,2021-08-10 00:11:16.423,0.7189,15,2
13535,2936777,2021-08-10 00:11:16.423,0.05188,15,2
13535,29368173,2021-05-05 00:00:59.177,15.1625,15,2
13535,2937163,2021-08-10 00:11:16.423,2.20004,15,2
13535,2937310,2020-04-15 04:09:03.17,0.06,15,2
13535,2938293,2021-08-10 00:11:16.423,0.38117,15,2
13535,2938341,2021-08-10 00:11:16.423,1.896,15,2
13535,2938445,2021-08-10 00:11:16.423,4.54569,15,2
13535,2938641,2021-05-05 00:00:59.177,0.0589,15,2
13535,2938689,2021-08-10 00:11:16.423,0.1927,15,2
13535,2938984,2021-08-10 00:11:16.423,1.09138,15,2
13535,2939186,2021-08-10 00:11:16.423,0.9988,15,2
13535,2941401,2021-08-10 00:11:16.423,1.27665,15,2
13535,2941602,2021-08-10 00:11:16.423,16.92,15,2
13535,2941705,2021-08-10 00:11:16.423,10.975,15,2
13535,2941911,2021-05-05 00:00:59.177,0.13217,15,2
13535,294219702,2020-04-15 04:09:03.17,16.0,15,2
13535,294329901,2021-05-05 00:00:59.177,16.486,15,2
13535,2943517,2021-08-10 00:11:16.423,3.265,15,2
13535,2944107,2021-08-10 00:11:16.423,2.55345,15,2
13535,2944159,2021-08-10 00:11:16.423,0.06549,15,2
13535,2944447,2021-05-05 00:00:59.177,70.19224,15,2
13535,2944495,2021-08-10 00:11:16.423,0.05307,15,2
13535,2944739,2021-08-10 00:11:16.423,3.318,15,2
13535,2944849,2021-08-10 00:11:16.423,18.6162,15,2
13535,2945250,2021-08-10 00:11:16.423,0.5572,15,2
13535,2946235,2021-05-05 00:00:59.177,14.1944,15,2
13535,2946392,2021-08-10 00:11:16.423,0.06097,15,2
13535,2946881,2021-08-10 00:11:16.423,0.1528,15,2
13535,2947515,2021-08-10 00:11:16.423,0.5568,15,2
13535,2947610,2021-08-10 00:11:16.423,1.22823,15,2
13535,2947916,2021-08-10 00:11:16.423,1.59,15,2
13535,2947968,2021-08-10 00:11:16.423,2.479,15,2
13535,294823385,2021-05-05 00:00:59.177,6576.7056,15,2
13535,2948325,2021-08-10 00:11:16.423,2.5094,15,2
13535,2948569,2021-08-10 00:11:16.423,0.9192,15,2
13535,2949060,2021-08-10 00:11:16.423,0.10725,15,2
13535,2949114,2021-08-10 00:11:16.423,0.09197,15,2
13535,2949258,2021-05-05 00:00:59.177,3.41754,15,2
13535,2949402,2020-04-15 04:09:03.17,11.43,15,2
13535,2949989,2021-08-10 00:11:16.423,0.30419,15,2
13535,2950037,2021-08-10 00:11:16.423,0.43554,15,2
13535,2950229,2021-08-10 00:11:16.423,1.656,15,2
13535,29511,2021-08-10 00:11:16.423,0.3607,15,2
13535,29512835,2020-08-06 01:00:08.713,364.17,15,2
13535,2952012,2021-08-10 00:11:16.423,80.268,15,2
13535,2952064,2021-08-10 00:11:16.423,1.8251,15,2
13535,2952112,2021-08-10 00:11:16.423,1.2712,15,2
13535,2952552,2021-08-10 00:11:16.423,0.084,15,2
13535,2952648,2021-08-10 00:11:16.423,0.30485,15,2
13535,29531,2021-08-10 00:11:16.423,17.5475,15,2
13535,2953583,2021-05-05 00:00:59.177,2.88675,15,2
13535,2953782,2021-08-10 00:11:16.423,0.05933,15,2
13535,2953830,2021-08-10 00:11:16.423,97.80465,15,2
13535,2953930,2021-05-05 00:00:59.177,0.7925,15,2
13535,2954140,2021-05-05 00:00:59.177,11.8344,15,2
13535,2954188,2021-08-10 00:11:16.423,18.15205,15,2
13535,2955322,2021-05-05 00:00:59.177,0.04533,15,2
13535,2955466,2021-08-10 00:11:16.423,0.29833,15,2
13535,295658317,2020-08-06 01:00:08.713,0.28,15,2
13535,2957005,2021-08-10 00:11:16.423,0.1358,15,2
13535,2957101,2021-08-10 00:11:16.423,0.01933,15,2
13535,2957197,2021-08-10 00:11:16.423,7.6,15,2
13535,2957297,2021-08-10 00:11:16.423,19.4315,15,2
13535,2957456,2021-08-10 00:11:16.423,10.987,15,2
13535,2957611,2021-05-05 00:00:59.177,1.162,15,2
13535,2957776,2021-08-10 00:11:16.423,1.563,15,2
13535,2958163,2021-08-10 00:11:16.423,0.1562,15,2
13535,2958355,2021-08-10 00:11:16.423,0.811,15,2
13535,2959466,2021-05-05 00:00:59.177,0.4085,15,2
13535,2959562,2021-08-10 00:11:16.423,1.6005,15,2
13535,2960243,2021-05-05 00:00:59.177,41.62347,15,2
13535,296422607,2020-04-15 04:09:03.17,4.46,15,2
13535,2964977,2021-08-10 00:11:16.423,2.62167,15,2
13535,296712001,2021-05-05 00:00:59.177,26.345,15,2
13535,297199513,2020-04-15 04:09:03.17,4.61,15,2
13535,297500740,2020-04-15 04:09:03.17,0.11,15,2
13535,297572854,2021-05-05 00:00:59.177,334.41335,15,2
13535,297620003,2020-04-15 04:09:03.17,0.07,15,2
13535,29763757,2021-08-10 00:11:16.423,8.172,15,2
13535,29763946,2020-04-15 04:09:03.17,7.19,15,2
13535,297759487,2019-08-28 03:43:38.49,5.98,15,2
13535,297789492,2020-04-15 04:09:03.17,6.43,15,2
13535,297796449,2020-04-15 04:09:03.17,1.54,15,2
13535,297834461,2021-05-05 00:00:59.177,19.6225,15,2
13535,297969726,2020-04-15 04:09:03.17,250.75,15,2
13535,298055145,2020-04-15 04:09:03.17,6080.37,15,2
13535,298268770,2019-08-28 03:43:38.49,5.49,15,2
13535,298304125,2019-11-08 01:39:09.413,9.0,15,2
13535,29835,2021-08-10 00:11:16.423,0.4383,15,2
13535,298387570,2020-04-15 04:09:03.17,27.24,15,2
13535,298458364,2020-08-06 01:00:08.713,165.63,15,2
13535,298465815,2020-04-15 04:09:03.17,0.82,15,2
13535,298701795,2020-08-06 01:00:08.713,10.57,15,2
13535,29889,2021-08-10 00:11:16.423,0.49919,15,2
13535,299028431,2020-04-15 04:09:03.17,3.16,15,2
13535,299131959,2020-04-15 04:09:03.17,0.44,15,2
13535,299152075,2020-04-15 04:09:03.17,11.62,15,2
13535,299601652,2020-04-15 04:09:03.17,1.09,15,2
13535,299686345,2020-04-15 04:09:03.17,1.47,15,2
13535,299698695,2020-04-15 04:09:03.17,9.49,15,2
13535,299839366,2019-08-28 03:43:38.49,16055.01,15,2
13535,299880080,2019-11-08 01:39:09.413,26.0,15,2
13535,299892543,2019-11-08 01:39:09.413,2.19,15,2
13535,300133391,2021-08-10 00:11:16.423,5.694,15,2
13535,300148302,2020-08-06 01:00:08.713,11.95,15,2
13535,300685216,2019-11-08 01:39:09.413,21.0,15,2
13535,300803433,2019-11-08 01:39:09.413,13.47,15,2
13535,300856408,2019-08-28 03:43:38.49,4.25,15,2
13535,301139398,2020-04-15 04:09:03.17,6.11,15,2
13535,30139,2021-08-10 00:11:16.423,3.53,15,2
13535,301499964,2019-11-08 01:39:09.413,5.0,15,2
13535,30201,2021-08-10 00:11:16.423,1.40899,15,2
13535,30288,2021-08-10 00:11:16.423,0.15744,15,2
13535,304032063,2020-04-15 04:09:03.17,4.62,15,2
13535,304132204,2020-04-15 04:09:03.17,21.53,15,2
13535,304133629,2019-08-28 03:43:38.49,7750.0,15,2
13535,304210474,2020-08-06 01:00:08.713,55.64,15,2
13535,304245990,2020-04-15 04:09:03.17,125.0,15,2
13535,304419895,2020-04-15 04:09:03.17,7.58,15,2
13535,304600219,2020-04-15 04:09:03.17,0.57,15,2
13535,30474004,2021-08-10 00:11:16.423,15.0361,15,2
13535,304752914,2019-08-28 03:43:38.49,35.0,15,2
13535,304945686,2020-04-15 04:09:03.17,3.78,15,2
13535,30500,2021-08-10 00:11:16.423,35.63,15,2
13535,305017861,2020-04-15 04:09:03.17,72.23,15,2
13535,305032085,2020-04-15 04:09:03.17,22.19,15,2
13535,305079918,2020-04-15 04:09:03.17,1.25,15,2
13535,305127143,2020-08-06 01:00:08.713,6.07,15,2
13535,30524,2021-08-10 00:11:16.423,1.816,15,2
13535,305714882,2021-08-10 00:11:16.423,3.99999,15,2
13535,305817638,2020-08-06 01:00:08.713,527.71,15,2
13535,305893277,2021-05-05 00:00:59.177,0.1485,15,2
13535,305924417,2020-08-06 01:00:08.713,2835.76,15,2
13535,306019725,2019-08-28 03:43:38.49,297.75,15,2
13535,30605,2021-08-10 00:11:16.423,0.935,15,2
13535,30621,2021-08-10 00:11:16.423,0.0773,15,2
13535,306314142,2020-08-06 01:00:08.713,20.08,15,2
13535,306345490,2020-08-06 01:00:08.713,0.73,15,2
13535,306397957,2020-08-06 01:00:08.713,8.28,15,2
13535,306411417,2020-04-15 04:09:03.17,0.32,15,2
13535,306471779,2020-08-06 01:00:08.713,3.28,15,2
13535,306727077,2020-04-15 04:09:03.17,18.97,15,2
13535,30675,2021-08-10 00:11:16.423,0.08121,15,2
13535,306851731,2020-08-06 01:00:08.713,1.66,15,2
13535,306957457,2019-11-08 01:39:09.413,495.0,15,2
13535,307143966,2020-04-15 04:09:03.17,2.43,15,2
13535,307356465,2020-04-15 04:09:03.17,8.27,15,2
13535,307651400,2021-05-05 00:00:59.177,85.086,15,2
13535,307782246,2021-05-05 00:00:59.177,244.90008,15,2
13535,307839259,2021-05-05 00:00:59.177,268.042,15,2
13535,307840772,2021-05-05 00:00:59.177,108.5075,15,2
13535,307842931,2019-08-28 03:43:38.49,7.41,15,2
13535,30825,2021-08-10 00:11:16.423,0.172,15,2
13535,30885,2021-08-10 00:11:16.423,1.887,15,2
13535,308851951,2020-04-10 07:25:52.107,2400.0,15,2
13535,308934592,2019-08-28 03:43:38.49,1206.81,15,2
13535,309067139,2020-04-15 04:09:03.17,4.62,15,2
13535,309435057,2020-04-15 04:09:03.17,28.44,15,2
13535,309446352,2020-04-15 04:09:03.17,3.15,15,2
13535,309680093,2019-11-08 01:39:09.413,22.01,15,2
13535,309805570,2020-04-15 04:09:03.17,0.07,15,2
13535,309823926,2020-04-15 04:09:03.17,0.71,15,2
13535,309977166,2021-05-05 00:00:59.177,2.22788,15,2
13535,310149453,2020-04-15 04:09:03.17,0.03,15,2
13535,31021,2021-08-10 00:11:16.423,0.6811,15,2
13535,310458282,2020-04-15 04:09:03.17,4.39,15,2
13535,310581005,2020-04-15 04:09:03.17,0.11,15,2
13535,310642372,2020-04-10 07:25:52.107,405.86,15,2
13535,311217038,2019-11-08 01:39:09.413,2.43,15,2
13535,311565699,2019-08-28 03:43:38.49,7.74833,15,2
13535,311599622,2021-05-05 00:00:59.177,147.9975,15,2
13535,311662201,2020-04-15 04:09:03.17,0.08,15,2
13535,311753829,2021-05-05 00:00:59.177,1628.08,15,2
13535,311761854,2020-04-15 04:09:03.17,1.22,15,2
13535,31201,2021-08-10 00:11:16.423,0.30238,15,2
13535,312035236,2020-04-15 04:09:03.17,7.3,15,2
13535,312095116,2020-04-10 07:25:52.107,1077.3,15,2
13535,312190024,2020-08-06 01:00:08.713,10.32,15,2
13535,312331357,2020-04-15 04:09:03.17,0.43,15,2
13535,312341167,2021-05-05 00:00:59.177,462.18,15,2
13535,312783113,2020-04-15 04:09:03.17,51.08,15,2
13535,312841191,2020-04-15 04:09:03.17,46.54,15,2
13535,31289,2021-08-10 00:11:16.423,0.03339,15,2
13535,312956230,2020-04-15 04:09:03.17,32.79,15,2
13535,313185175,2020-08-06 01:00:08.713,1.66,15,2
13535,313365577,2020-08-06 01:00:08.713,87.74,15,2
13535,313365962,2020-04-15 04:09:03.17,0.26,15,2
13535,313367926,2020-08-06 01:00:08.713,351.1,15,2
13535,313951407,2020-04-15 04:09:03.17,0.02,15,2
13535,314155480,2020-04-15 04:09:03.17,7.29,15,2
13535,314429918,2019-11-08 01:39:09.413,12.35,15,2
13535,314585820,2020-04-15 04:09:03.17,0.98,15,2
13535,314679353,2019-08-28 03:43:38.49,157.5,15,2
13535,314683165,2019-11-08 01:39:09.413,2.76848,15,2
13535,314858344,2020-04-15 04:09:03.17,1.03,15,2
13535,314859478,2020-04-15 04:09:03.17,0.21,15,2
13535,314860046,2020-04-15 04:09:03.17,18.56,15,2
13535,315006551,2021-08-10 00:11:16.423,21.89909,15,2
13535,315316404,2019-08-28 03:43:38.49,115.78,15,2
13535,315436709,2020-08-06 01:00:08.713,133.05,15,2
13535,315758098,2020-04-15 04:09:03.17,7162.86,15,2
13535,315762979,2020-08-06 01:00:08.713,3334.72,15,2
13535,315764656,2019-11-08 01:39:09.413,3897.36,15,2
13535,315768586,2019-08-28 03:43:38.49,608.48,15,2
13535,31620,2021-08-10 00:11:16.423,12.09,15,2
13535,31626,2021-08-10 00:11:16.423,13.29998,15,2
13535,316279382,2021-08-10 00:11:16.423,18.24869,15,2
13535,316497759,2019-11-08 01:39:09.413,3288.99,15,2
13535,316629774,2020-04-15 04:09:03.17,12.1,15,2
13535,316866147,2021-05-05 00:00:59.177,31.841,15,2
13535,317535563,2019-11-08 01:39:09.413,73.33,15,2
13535,31789,2021-08-10 00:11:16.423,0.36775,15,2
13535,317995079,2019-11-08 01:39:09.413,288.39,15,2
13535,317999766,2019-11-08 01:39:09.413,1153.54,15,2
13535,31800,2021-08-10 00:11:16.423,0.15483,15,2
13535,318377061,2020-04-15 04:09:03.17,2623.93,15,2
13535,31852,2021-08-10 00:11:16.423,3.60171,15,2
13535,318572652,2020-04-15 04:09:03.17,0.02,15,2
13535,318757392,2019-11-08 01:39:09.413,542.33,15,2
13535,31890,2021-08-10 00:11:16.423,25.688,15,2
13535,318928209,2021-08-10 00:11:16.423,7.7725,15,2
13535,319316929,2020-04-15 04:09:03.17,56.65,15,2
13535,319487769,2019-11-08 01:39:09.413,976.2,15,2
13535,319962814,2019-11-08 01:39:09.413,60.0,15,2
13535,319964349,2020-08-06 01:00:08.713,9.66,15,2
13535,32000,2021-08-10 00:11:16.423,3.0912,15,2
13535,320420424,2020-04-15 04:09:03.17,0.17,15,2
13535,320769360,2020-08-06 01:00:08.713,26.32,15,2
13535,320903659,2020-04-15 04:09:03.17,2.74,15,2
13535,320998115,2020-08-06 01:00:08.713,14.66,15,2
13535,321120194,2020-04-15 04:09:03.17,0.73,15,2
13535,321142565,2020-04-15 04:09:03.17,47.26,15,2
13535,321153239,2020-08-06 01:00:08.713,8.32,15,2
13535,321201368,2019-11-08 01:39:09.413,7.5,15,2
13535,321216550,2021-05-05 00:00:59.177,1773.134,15,2
13535,32156505,2020-08-06 01:00:08.713,5.73,15,2
13535,321631634,2020-08-06 01:00:08.713,100.75,15,2
13535,321638134,2021-05-05 00:00:59.177,2.88407,15,2
13535,321750309,2020-04-15 04:09:03.17,0.22,15,2
13535,321937795,2021-05-05 00:00:59.177,90.0825,15,2
13535,32400,2021-08-10 00:11:16.423,2.54085,15,2
13535,32419,2021-08-10 00:11:16.423,0.21561,15,2
13535,324367121,2020-08-06 01:00:08.713,3.62,15,2
13535,32522816,2021-05-05 00:00:59.177,22.0,15,2
13535,325287963,2020-04-15 04:09:03.17,13.97,15,2
13535,325346688,2019-11-08 01:39:09.413,2.18,15,2
13535,325868635,2021-05-05 00:00:59.177,4.027,15,2
13535,326318213,2021-05-05 00:00:59.177,6530.7438,15,2
13535,326486773,2020-08-06 01:00:08.713,17.55,15,2
13535,32669746,2021-08-10 00:11:16.423,4.82751,15,2
13535,326744330,2019-11-08 01:39:09.413,0.17,15,2
13535,32678,2021-05-05 00:00:59.177,0.04133,15,2
13535,327270729,2020-04-15 04:09:03.17,3.22,15,2
13535,327315795,2020-04-15 04:09:03.17,0.26,15,2
13535,327418147,2019-11-08 01:39:09.413,790.8,15,2
13535,327421509,2020-04-15 04:09:03.17,2.69,15,2
13535,327507589,2020-04-15 04:09:03.17,1.09,15,2
13535,327514530,2020-04-15 04:09:03.17,0.19,15,2
13535,327519294,2019-11-08 01:39:09.413,13063.2,15,2
13535,327554333,2020-04-15 04:09:03.17,1.26,15,2
13535,32784,2021-08-10 00:11:16.423,2.31735,15,2
13535,327944144,2020-04-10 07:25:52.107,9100.0,15,2
13535,32884,2021-08-10 00:11:16.423,0.54221,15,2
13535,329265104,2021-05-05 00:00:59.177,4.8645,15,2
13535,32955,2021-08-10 00:11:16.423,0.31545,15,2
13535,33077,2021-08-10 00:11:16.423,0.3772,15,2
13535,33136,2021-08-10 00:11:16.423,68.964,15,2
13535,33177,2021-08-10 00:11:16.423,0.0886,15,2
13535,33333110,2021-08-10 00:11:16.423,6.303,15,2
13535,3333636340,2019-11-08 01:39:09.413,15.6,15,2
13535,33389,2021-08-10 00:11:16.423,0.427,15,2
13535,33391,2021-08-10 00:11:16.423,0.3064,15,2
13535,33503,2021-08-10 00:11:16.423,4.1051,15,2
13535,33580,2021-08-10 00:11:16.423,8.3526,15,2
13535,33587,2021-08-10 00:11:16.423,2.596,15,2
13535,336822017,2021-05-05 00:00:59.177,1286.292,15,2
13535,336866795,2019-11-08 01:39:09.413,2.5,15,2
13535,337014807,2019-11-08 01:39:09.413,30.0,15,2
13535,337522013,2020-04-10 07:25:52.107,13.06,15,2
13535,337522429,2020-04-10 07:25:52.107,65.3,15,2
13535,33797,2021-08-10 00:11:16.423,0.2614,15,2
13535,33872,2021-08-10 00:11:16.423,6.50165,15,2
13535,343816823,2019-11-08 01:39:09.413,8.61,15,2
13535,344403980,2019-11-08 01:39:09.413,85.0,15,2
13535,344478048,2021-08-10 00:11:16.423,55.58998,15,2
13535,34465542,2020-04-15 04:09:03.17,0.05,15,2
13535,344705132,2020-04-15 04:09:03.17,4.29,15,2
13535,344722485,2021-05-05 00:00:59.177,12.83,15,2
13535,345093195,2020-04-15 04:09:03.17,3.71,15,2
13535,345344392,2021-05-05 00:00:59.177,17.763,15,2
13535,345590059,2019-11-08 01:39:09.413,13256.0,15,2
13535,345864287,2020-04-15 04:09:03.17,0.09,15,2
13535,346092914,2021-05-05 00:00:59.177,645.93,15,2
13535,346100024,2020-08-06 01:00:08.713,4032.62,15,2
13535,346102161,2020-04-15 04:09:03.17,94.27,15,2
13535,346214165,2020-08-06 01:00:08.713,9.39,15,2
13535,346217002,2021-05-05 00:00:59.177,322.0185,15,2
13535,346229789,2019-11-08 01:39:09.413,181.7,15,2
13535,346610845,2021-05-05 00:00:59.177,2585.184,15,2
13535,34686893,2021-08-10 00:11:16.423,3608.4,15,2
13535,34730,2021-08-10 00:11:16.423,1.998,15,2
13535,34731,2021-08-10 00:11:16.423,4.141,15,2
13535,34732,2021-08-10 00:11:16.423,4.15176,15,2
13535,34737,2021-08-10 00:11:16.423,0.55833,15,2
13535,34797,2021-08-10 00:11:16.423,0.40198,15,2
13535,34800,2021-08-10 00:11:16.423,0.07747,15,2
13535,34802,2021-08-10 00:11:16.423,0.08231,15,2
13535,34804,2021-08-10 00:11:16.423,0.09904,15,2
13535,34814,2021-08-10 00:11:16.423,0.11807,15,2
13535,34831,2021-08-10 00:11:16.423,0.25633,15,2
13535,349442974,2020-04-15 04:09:03.17,0.12,15,2
13535,349542639,2021-08-10 00:11:16.423,18.16,15,2
13535,349554505,2020-04-15 04:09:03.17,140.31,15,2
13535,349909612,2021-08-10 00:11:16.423,23.608,15,2
13535,350102599,2020-04-15 04:09:03.17,9.76,15,2
13535,350161013,2020-04-15 04:09:03.17,48.82,15,2
13535,350165658,2020-04-15 04:09:03.17,97.57,15,2
13535,350326550,2019-11-08 01:39:09.413,8.95,15,2
13535,350424873,2019-11-08 01:39:09.413,11.5,15,2
13535,350429986,2019-11-08 01:39:09.413,11.3,15,2
13535,350447314,2020-04-15 04:09:03.17,0.66,15,2
13535,350699729,2020-04-15 04:09:03.17,10.49,15,2
13535,35120,2021-08-10 00:11:16.423,0.02209,15,2
13535,351664238,2020-04-15 04:09:03.17,15.28,15,2
13535,351668381,2021-05-05 00:00:59.177,16.467,15,2
13535,351819278,2020-04-15 04:09:03.17,1.79,15,2
13535,351821730,2020-04-15 04:09:03.17,3.58,15,2
13535,352039316,2021-05-05 00:00:59.177,11.842,15,2
13535,352121987,2020-08-06 01:00:08.713,28.08,15,2
13535,352456146,2020-08-06 01:00:08.713,0.03,15,2
13535,35315,2021-05-05 00:00:59.177,0.2895,15,2
13535,35331,2021-08-10 00:11:16.423,0.3669,15,2
13535,353670855,2020-04-15 04:09:03.17,24.34,15,2
13535,35668,2021-08-10 00:11:16.423,1.3448,15,2
13535,35771,2021-08-10 00:11:16.423,0.21655,15,2
13535,35942,2021-08-10 00:11:16.423,29.755,15,2
13535,36191,2021-08-10 00:11:16.423,297.12,15,2
13535,36337923,2021-08-10 00:11:16.423,43.37385,15,2
13535,36441486,2021-08-10 00:11:16.423,1.87191,15,2
13535,36659,2021-08-10 00:11:16.423,2.90432,15,2
13535,36868,2021-08-10 00:11:16.423,0.06901,15,2
13535,37146,2021-08-10 00:11:16.423,6.37355,15,2
13535,37357,2021-08-10 00:11:16.423,0.04926,15,2
13535,37474,2021-08-10 00:11:16.423,1.8496,15,2
13535,3770337,2021-08-10 00:11:16.423,1.57452,15,2
13535,37704,2021-08-10 00:11:16.423,1.54367,15,2
13535,377713594,2021-09-01 00:13:52.637,514.8,15,2
13535,37944,2021-05-05 00:00:59.177,324.87,15,2
13535,37948,2021-08-10 00:11:16.423,0.0523,15,2
13535,37950,2021-08-10 00:11:16.423,1.03233,15,2
13535,38255958,2021-08-10 00:11:16.423,0.435,15,2
13535,38256,2021-08-10 00:11:16.423,3.063,15,2
13535,3877352,2021-05-05 00:00:59.177,12.181,15,2
13535,3878074,2021-08-10 00:11:16.423,2.5873,15,2
13535,3878556,2021-08-10 00:11:16.423,0.39133,15,2
13535,3879179,2021-08-10 00:11:16.423,2.4342,15,2
13535,3879231,2021-08-10 00:11:16.423,0.551,15,2
13535,3879956,2021-08-10 00:11:16.423,0.122,15,2
13535,3880435,2021-08-10 00:11:16.423,0.51268,15,2
13535,3880952,2020-04-10 07:25:52.107,40.46,15,2
13535,3882815,2021-08-10 00:11:16.423,2.1129,15,2
13535,3884865,2021-05-05 00:00:59.177,140.5075,15,2
13535,3885436,2021-08-10 00:11:16.423,2.6945,15,2
13535,3886587,2021-08-10 00:11:16.423,1.50575,15,2
13535,3887078,2021-08-10 00:11:16.423,0.3658,15,2
13535,3888090,2020-04-15 04:09:03.17,0.24,15,2
13535,3888663,2021-08-10 00:11:16.423,0.30615,15,2
13535,3888763,2021-08-10 00:11:16.423,0.1194,15,2
13535,3888859,2021-08-10 00:11:16.423,0.23829,15,2
13535,3890422,2021-08-10 00:11:16.423,0.05633,15,2
13535,3891246,2021-08-10 00:11:16.423,1.38096,15,2
13535,3891484,2021-05-05 00:00:59.177,29.629,15,2
13535,3891584,2021-08-10 00:11:16.423,6.552,15,2
13535,3891687,2021-08-10 00:11:16.423,0.63285,15,2
13535,3891784,2021-05-05 00:00:59.177,23.945,15,2
13535,3893121,2021-08-10 00:11:16.423,0.3217,15,2
13535,3893734,2020-08-06 01:00:08.713,20.54,15,2
13535,3896425,2021-08-10 00:11:16.423,16.48005,15,2
13535,3897319,2021-08-10 00:11:16.423,4.30995,15,2
13535,3897703,2020-04-15 04:09:03.17,0.06,15,2
13535,3899866,2021-08-10 00:11:16.423,0.1075,15,2
13535,3899914,2021-08-10 00:11:16.423,0.05967,15,2
13535,3903085,2021-08-10 00:11:16.423,0.11394,15,2
13535,3903573,2021-08-10 00:11:16.423,68.05995,15,2
13535,3905347,2021-08-10 00:11:16.423,0.21387,15,2
13535,390545224,2021-08-10 00:11:16.423,89.98,15,2
13535,3905994,2021-08-14 01:32:14.123,1.23915,15,2
13535,3906577,2021-08-10 00:11:16.423,9.76,15,2
13535,3907151,2021-08-10 00:11:16.423,0.5539,15,2
13535,3907382,2021-05-05 00:00:59.177,3.6737,15,2
13535,3907920,2021-08-10 00:11:16.423,38.805,15,2
13535,3910058,2021-08-10 00:11:16.423,5.83802,15,2
13535,39107,2021-08-10 00:11:16.423,6.7886,15,2
13535,39301,2021-08-10 00:11:16.423,1.99433,15,2
13535,39861,2020-08-06 01:00:08.713,3.77,15,2
13535,4025788,2021-08-10 00:11:16.423,0.17479,15,2
13535,4025865,2021-08-10 00:11:16.423,0.29469,15,2
13535,40281,2021-08-10 00:11:16.423,0.09045,15,2
13535,4030574,2021-08-10 00:11:16.423,17.09,15,2
13535,40432,2021-08-10 00:11:16.423,0.2305,15,2
13535,40574,2021-08-10 00:11:16.423,0.3587,15,2
13535,40920,2021-08-10 00:11:16.423,0.956,15,2
13535,40922521,2020-04-15 04:09:03.17,0.3,15,2
13535,4107191,2021-08-10 00:11:16.423,20.43,15,2
13535,41144,2021-08-10 00:11:16.423,0.0253,15,2
13535,41296,2021-05-05 00:00:59.177,2186.955,15,2
13535,41436,2021-08-10 00:11:16.423,4.45,15,2
13535,41477,2019-11-08 01:39:09.413,135.94,15,2
13535,41587,2021-08-10 00:11:16.423,0.09911,15,2
13535,41634,2021-08-10 00:11:16.423,2.602,15,2
13535,41705,2021-08-10 00:11:16.423,4.57,15,2
13535,41797057,2021-08-10 00:11:16.423,38.68,15,2
13535,42489,2021-08-10 00:11:16.423,0.08962,15,2
13535,42795,2021-08-10 00:11:16.423,0.192,15,2
13535,42844,2021-08-10 00:11:16.423,1.922,15,2
13535,42848,2021-08-10 00:11:16.423,0.19188,15,2
13535,42874331,2020-04-15 04:09:03.17,0.46,15,2
13535,42911,2021-08-10 00:11:16.423,0.32294,15,2
13535,4293848,2021-08-10 00:11:16.423,0.25215,15,2
13535,4294825,2021-08-10 00:11:16.423,8.87002,15,2
13535,43038,2021-08-10 00:11:16.423,0.3669,15,2
13535,4308814,2021-05-05 00:00:59.177,2.97,15,2
13535,4310378,2021-08-10 00:11:16.423,4.46608,15,2
13535,4314393,2021-08-10 00:11:16.423,2.3845,15,2
13535,4320652,2021-08-10 00:11:16.423,3.71917,15,2
13535,4320754,2021-08-10 00:11:16.423,2.23,15,2
13535,4321077,2021-08-10 00:11:16.423,0.99879,15,2
13535,4322606,2021-08-10 00:11:16.423,1.93733,15,2
13535,4322759,2021-08-10 00:11:16.423,0.12432,15,2
13535,4322861,2021-08-10 00:11:16.423,0.09401,15,2
13535,4322912,2021-08-10 00:11:16.423,0.9875,15,2
13535,4322970,2021-08-10 00:11:16.423,1.03,15,2
13535,4323028,2021-08-10 00:11:16.423,1.19,15,2
13535,4323086,2021-08-10 00:11:16.423,1.0995,15,2
13535,4323144,2021-08-10 00:11:16.423,1.101,15,2
13535,4323307,2021-08-10 00:11:16.423,1.116,15,2
13535,4323365,2021-08-10 00:11:16.423,4.755,15,2
13535,4323522,2021-08-10 00:11:16.423,1.42,15,2
13535,4323690,2021-08-10 00:11:16.423,2.08,15,2
13535,4324370,2021-08-10 00:11:16.423,0.8184,15,2
13535,4324639,2021-08-10 00:11:16.423,2.00241,15,2
13535,4325064,2021-08-10 00:11:16.423,0.1718,15,2
13535,4325398,2021-08-10 00:11:16.423,0.47,15,2
13535,4325507,2021-08-10 00:11:16.423,0.05828,15,2
13535,4325609,2021-08-10 00:11:16.423,0.15646,15,2
13535,4325816,2019-11-08 01:39:09.413,0.83,15,2
13535,43263,2021-08-10 00:11:16.423,0.34893,15,2
13535,4332244,2021-08-10 00:11:16.423,4.77,15,2
13535,4335587,2021-08-10 00:11:16.423,3.2898,15,2
13535,43370,2021-08-10 00:11:16.423,1.455,15,2
13535,43449,2021-08-10 00:11:16.423,0.5229,15,2
13535,43515,2021-08-10 00:11:16.423,433.69792,15,2
13535,4351554,2021-08-10 00:11:16.423,1.227,15,2
13535,43573,2021-08-10 00:11:16.423,127.25565,15,2
13535,43594,2020-08-06 01:00:08.713,0.29,15,2
13535,43595,2021-08-10 00:11:16.423,3.1204,15,2
13535,4363355,2021-08-10 00:11:16.423,2.031,15,2
13535,43714,2021-08-10 00:11:16.423,0.6288,15,2
13535,4386403,2021-08-10 00:11:16.423,5.4768,15,2
13535,44196,2021-05-05 00:00:59.177,0.8633,15,2
13535,44399,2021-08-10 00:11:16.423,0.10653,15,2
13535,44606,2021-08-10 00:11:16.423,5.7115,15,2
13535,44637,2021-08-10 00:11:16.423,75.6285,15,2
13535,44756,2021-08-10 00:11:16.423,0.8618,15,2
13535,4487266,2021-05-05 00:00:59.177,2.8932,15,2
13535,45044,2021-08-10 00:11:16.423,2.76,15,2
13535,45046,2021-05-05 00:00:59.177,1.82,15,2
13535,4505794,2021-08-10 00:11:16.423,1.4528,15,2
13535,45209848,2021-08-10 00:11:16.423,218.78,15,2
13535,45213,2021-08-10 00:11:16.423,2.79945,15,2
13535,45262415,2021-08-10 00:11:16.423,5.03692,15,2
13535,45264,2021-08-10 00:11:16.423,0.27343,15,2
13535,45274,2021-08-10 00:11:16.423,3.804,15,2
13535,45314,2021-08-10 00:11:16.423,1.08782,15,2
13535,45316,2021-05-05 00:00:59.177,48.49,15,2
13535,45360,2021-08-10 00:11:16.423,2.59841,15,2
13535,45376,2021-08-10 00:11:16.423,0.06333,15,2
13535,45384,2021-08-10 00:11:16.423,4.54,15,2
13535,4549675,2021-08-10 00:11:16.423,0.70292,15,2
13535,4556335,2021-08-10 00:11:16.423,1.14417,15,2
13535,45933,2021-08-10 00:11:16.423,0.2448,15,2
13535,4614932,2021-08-10 00:11:16.423,0.15363,15,2
13535,46218,2021-08-10 00:11:16.423,0.1772,15,2
13535,46227,2021-08-10 00:11:16.423,0.3114,15,2
13535,46371,2021-08-10 00:11:16.423,0.29302,15,2
13535,46493,2021-08-10 00:11:16.423,27.7124,15,2
13535,46499,2021-08-10 00:11:16.423,3.04128,15,2
13535,46516,2021-08-10 00:11:16.423,2.1068,15,2
13535,4651600,2021-08-10 00:11:16.423,0.4167,15,2
13535,46600,2021-08-10 00:11:16.423,0.53717,15,2
13535,46664,2021-08-10 00:11:16.423,192.2904,15,2
13535,46784,2021-08-10 00:11:16.423,12.712,15,2
13535,46789,2021-08-10 00:11:16.423,2.3032,15,2
13535,46823,2021-08-10 00:11:16.423,2.582,15,2
13535,46978,2021-08-10 00:11:16.423,2.49167,15,2
13535,47113,2021-08-10 00:11:16.423,0.09089,15,2
13535,47214,2021-08-10 00:11:16.423,0.1821,15,2
13535,47353627,2021-08-10 00:11:16.423,2.92733,15,2
13535,47498,2021-08-10 00:11:16.423,0.441,15,2
13535,47547,2021-05-05 00:00:59.177,1.96,15,2
13535,48163,2021-08-10 00:11:16.423,13.515,15,2
13535,48285,2021-05-05 00:00:59.177,1.88567,15,2
13535,48539,2021-05-05 00:00:59.177,4.498,15,2
13535,48571,2021-08-10 00:11:16.423,0.76131,15,2
13535,48599,2021-08-10 00:11:16.423,0.1166,15,2
13535,48848,2021-05-05 00:00:59.177,1.3698,15,2
13535,48982,2021-08-10 00:11:16.423,0.3364,15,2
13535,48984,2021-08-10 00:11:16.423,1.6056,15,2
13535,48991943,2021-08-10 00:11:16.423,4.26666,15,2
13535,49072,2021-05-05 00:00:59.177,0.4278,15,2
13535,49080,2021-08-10 00:11:16.423,5.2301,15,2
13535,49725,2021-08-10 00:11:16.423,0.4464,15,2
13535,50208371,2021-08-10 00:11:16.423,9.82797,15,2
13535,50292,2021-08-10 00:11:16.423,1.31166,15,2
13535,50397592,2021-08-10 00:11:16.423,3.81,15,2
13535,51155,2021-05-05 00:00:59.177,5.104,15,2
13535,51219,2021-08-10 00:11:16.423,0.03417,15,2
13535,51306,2021-08-10 00:11:16.423,0.16486,15,2
13535,5161345,2021-08-10 00:11:16.423,2.57267,15,2
13535,5165407,2021-08-10 00:11:16.423,2.00333,15,2
13535,51878,2021-08-10 00:11:16.423,0.15102,15,2
13535,51953,2021-08-10 00:11:16.423,9.988,15,2
13535,52024,2021-08-10 00:11:16.423,0.3975,15,2
13535,52154,2021-05-05 00:00:59.177,1.188,15,2
13535,52268,2021-05-05 00:00:59.177,0.18325,15,2
13535,52750,2021-08-10 00:11:16.423,0.09169,15,2
13535,52760,2021-08-10 00:11:16.423,0.125,15,2
13535,53220,2021-08-10 00:11:16.423,0.05683,15,2
13535,53300,2021-08-10 00:11:16.423,3.59314,15,2
13535,53400,2021-08-10 00:11:16.423,2.196,15,2
13535,53599384,2021-08-10 00:11:16.423,4.78,15,2
13535,53787985,2021-08-10 00:11:16.423,0.1088,15,2
13535,53868,2021-08-10 00:11:16.423,0.51687,15,2
13535,54140,2021-08-10 00:11:16.423,3.44829,15,2
13535,54286734,2021-08-10 00:11:16.423,6.689,15,2
13535,54587,2021-08-10 00:11:16.423,24.553,15,2
13535,54696,2021-08-10 00:11:16.423,0.5016,15,2
13535,54716,2021-08-10 00:11:16.423,49.105,15,2
13535,54717,2021-08-10 00:11:16.423,0.30715,15,2
13535,54943862,2021-08-10 00:11:16.423,122.13996,15,2
13535,5549183,2021-08-10 00:11:16.423,0.645,15,2
13535,5549258,2021-08-10 00:11:16.423,2.126,15,2
13535,56381,2021-08-10 00:11:16.423,0.5812,15,2
13535,56711,2021-08-10 00:11:16.423,5.9932,15,2
13535,57271,2021-08-10 00:11:16.423,0.6293,15,2
13535,58640,2021-08-10 00:11:16.423,0.46232,15,2
13535,58742010,2021-08-10 00:11:16.423,19.07728,15,2
13535,59091,2021-08-10 00:11:16.423,5.902,15,2
13535,59276282,2021-08-10 00:11:16.423,38.642,15,2
13535,60497531,2021-08-10 00:11:16.423,0.68143,15,2
13535,6061834,2021-08-10 00:11:16.423,0.81733,15,2
13535,61295520,2021-08-10 00:11:16.423,0.04041,15,2
13535,61530618,2021-08-10 00:11:16.423,2.5788,15,2
13535,61533558,2021-08-10 00:11:16.423,0.4207,15,2
13535,61808306,2021-05-05 00:00:59.177,451.469,15,2
13535,6185120,2021-08-10 00:11:16.423,6.23,15,2
13535,62538723,2021-08-10 00:11:16.423,1.179,15,2
13535,62766345,2021-08-10 00:11:16.423,0.636,15,2
13535,63401,2021-08-10 00:11:16.423,26.46,15,2
13535,63443,2021-08-10 00:11:16.423,25.85,15,2
13535,63518247,2021-08-10 00:11:16.423,0.2294,15,2
13535,63544896,2021-08-10 00:11:16.423,0.16678,15,2
13535,64770444,2021-08-10 00:11:16.423,1.466,15,2
13535,64771944,2021-08-10 00:11:16.423,1.914,15,2
13535,65700,2021-08-10 00:11:16.423,0.0736,15,2
13535,6596018,2021-08-10 00:11:16.423,38.595,15,2
13535,68061939,2021-08-10 00:11:16.423,1.58076,15,2
13535,68070224,2021-08-10 00:11:16.423,16.82,15,2
13535,68103880,2021-05-05 00:00:59.177,24.1625,15,2
13535,68218781,2021-05-05 00:00:59.177,1813.312,15,2
13535,68253548,2021-08-10 00:11:16.423,0.1978,15,2
13535,68521056,2021-08-10 00:11:16.423,0.9776,15,2
13535,68609953,2021-08-10 00:11:16.423,1.0444,15,2
13535,68611172,2020-08-06 01:00:08.713,1.28,15,2
13535,6885170,2021-08-10 00:11:16.423,5.94231,15,2
13535,69341,2021-08-10 00:11:16.423,0.9988,15,2
13535,6976178,2021-05-05 00:00:59.177,54.6804,15,2
13535,7004999,2021-08-10 00:11:16.423,0.95333,15,2
13535,70439732,2021-08-10 00:11:16.423,43.138,15,2
13535,7190629,2021-08-10 00:11:16.423,26.19,15,2
13535,73538549,2021-08-10 00:11:16.423,3.221,15,2
13535,74101,2021-08-10 00:11:16.423,9.08,15,2
13535,74206781,2021-08-10 00:11:16.423,8.5402,15,2
13535,74713892,2021-08-10 00:11:16.423,1.6344,15,2
13535,7516302,2020-04-15 04:09:03.17,0.66,15,2
13535,7517872,2019-08-28 03:43:38.49,0.03368,15,2
13535,7520093,2021-08-10 00:11:16.423,1.8625,15,2
13535,7521450,2021-08-10 00:11:16.423,13.8575,15,2
13535,75444924,2021-08-10 00:11:16.423,0.40866,15,2
13535,75551828,2021-08-10 00:11:16.423,2.4675,15,2
13535,7568394,2021-05-05 00:00:59.177,0.13138,15,2
13535,7626163,2021-08-10 00:11:16.423,0.1467,15,2
13535,7631231,2021-08-10 00:11:16.423,0.01653,15,2
13535,7648318,2021-08-10 00:11:16.423,77.25,15,2
13535,76720,2021-08-10 00:11:16.423,3.0784,15,2
13535,76999621,2021-08-10 00:11:16.423,33.73855,15,2
13535,77254166,2021-08-10 00:11:16.423,1.402,15,2
13535,78880,2021-08-10 00:11:16.423,5.4234,15,2
13535,7900577,2021-08-10 00:11:16.423,8.61,15,2
13535,7901555,2021-08-10 00:11:16.423,38.2,15,2
13535,7905730,2021-08-10 00:11:16.423,0.28541,15,2
13535,7908298,2021-08-10 00:11:16.423,8.9985,15,2
13535,7908652,2021-08-10 00:11:16.423,1.7615,15,2
13535,7910893,2020-04-15 04:09:03.17,9.08,15,2
13535,7918338,2021-08-10 00:11:16.423,275.1237,15,2
13535,79282467,2021-08-10 00:11:16.423,0.4005,15,2
13535,79290567,2021-08-10 00:11:16.423,4.47546,15,2
13535,7938146,2021-08-10 00:11:16.423,2.42067,15,2
13535,7940574,2021-08-10 00:11:16.423,163.44,15,2
13535,7945981,2021-08-10 00:11:16.423,0.14585,15,2
13535,7946368,2021-08-10 00:11:16.423,7.5,15,2
13535,7947194,2021-08-10 00:11:16.423,0.1526,15,2
13535,7947669,2021-08-10 00:11:16.423,1.039,15,2
13535,7947908,2021-08-10 00:11:16.423,5.4026,15,2
13535,7947973,2021-08-10 00:11:16.423,3.5793,15,2
13535,7948233,2021-08-10 00:11:16.423,41.97,15,2
13535,7948298,2021-05-05 00:00:59.177,208.9,15,2
13535,7948365,2021-08-10 00:11:16.423,0.1735,15,2
13535,7948572,2021-08-10 00:11:16.423,0.22933,15,2
13535,7948639,2021-08-10 00:11:16.423,0.0486,15,2
13535,7982498,2021-08-10 00:11:16.423,11.523,15,2
13535,7982854,2021-08-10 00:11:16.423,0.79355,15,2
13535,7984870,2021-08-10 00:11:16.423,3.71276,15,2
13535,7987284,2021-08-10 00:11:16.423,2.0463,15,2
13535,7987540,2021-08-10 00:11:16.423,0.1376,15,2
13535,7989738,2021-08-10 00:11:16.423,20.77092,15,2
13535,7989938,2021-08-10 00:11:16.423,7.346,15,2
13535,8003974,2021-08-10 00:11:16.423,2.36,15,2
13535,8008560,2021-08-10 00:11:16.423,0.2416,15,2
13535,8008761,2021-08-10 00:11:16.423,28.02,15,2
13535,8012161,2021-08-10 00:11:16.423,3.98155,15,2
13535,8013088,2021-08-10 00:11:16.423,29.418,15,2
13535,8031863,2021-08-10 00:11:16.423,156.297,15,2
13535,8031986,2021-08-10 00:11:16.423,125.313,15,2
13535,8033085,2021-08-10 00:11:16.423,0.39367,15,2
13535,8042259,2020-08-06 01:00:08.713,217.49,15,2
13535,8107563,2021-08-10 00:11:16.423,2.846,15,2
13535,8131586,2021-08-10 00:11:16.423,0.7248,15,2
13535,81349358,2021-08-10 00:11:16.423,19.846,15,2
13535,8254465,2021-08-10 00:11:16.423,0.82884,15,2
13535,8254891,2021-08-10 00:11:16.423,0.1044,15,2
13535,82868709,2021-08-10 00:11:16.423,7.0372,15,2
13535,82870,2021-08-10 00:11:16.423,0.0817,15,2
13535,82873096,2021-08-10 00:11:16.423,4.422,15,2
13535,83110,2021-08-10 00:11:16.423,10.44,15,2
13535,83250605,2019-11-08 01:39:09.413,16.5,15,2
13535,83421729,2021-08-10 00:11:16.423,41.55533,15,2
13535,83961483,2020-04-15 04:09:03.17,1122.3,15,2
13535,84540,2021-08-10 00:11:16.423,0.01268,15,2
13535,8481957,2019-11-08 01:39:09.413,8.58,15,2
13535,84824694,2021-08-10 00:11:16.423,44.2575,15,2
13535,8495801,2021-08-10 00:11:16.423,1.37625,15,2
13535,85620,2021-08-10 00:11:16.423,0.4293,15,2
13535,88922149,2021-08-10 00:11:16.423,5.993,15,2
13535,88957663,2021-08-10 00:11:16.423,7.995,15,2
13535,89048835,2021-08-10 00:11:16.423,9.25,15,2
13535,90138,2021-08-10 00:11:16.423,2.688,15,2
13535,90341,2021-08-10 00:11:16.423,0.85788,15,2
13535,90628219,2020-04-15 04:09:03.17,25.71,15,2
13535,92310,2021-08-10 00:11:16.423,0.071,15,2
13535,9239378,2021-08-10 00:11:16.423,0.065,15,2
13535,9244845,2021-08-10 00:11:16.423,0.1782,15,2
13535,9246044,2021-08-10 00:11:16.423,4.38999,15,2
13535,94828528,2020-08-06 01:00:08.713,1.12,15,2
13535,95741,2021-08-10 00:11:16.423,0.12426,15,2
13535,96050,2021-08-10 00:11:16.423,0.0079,15,2
13535,96077,2021-08-10 00:11:16.423,0.4713,15,2
13535,96492924,2019-11-08 01:39:09.413,5.1,15,2
13535,96747798,2021-05-05 00:00:59.177,85.524,15,2
13535,97608257,2021-08-10 00:11:16.423,14.004,15,2
13535,98100,2021-05-05 00:00:59.177,4.4945,15,2
13535,98141,2021-05-05 00:00:59.177,0.20337,15,2
13535,98173,2021-08-10 00:11:16.423,7.47,15,2
13535,98213,2020-08-06 01:00:08.713,9.39,15,2
13535,98225,2021-08-10 00:11:16.423,15.05685,15,2
13535,98226,2021-08-10 00:11:16.423,0.6651,15,2
13535,98228,2021-08-10 00:11:16.423,2.8974,15,2
13535,98304,2021-08-10 00:11:16.423,4.504,15,2
13535,98311,2021-08-10 00:11:16.423,1.32,15,2
13535,98313,2021-08-10 00:11:16.423,1.5,15,2
13535,98317,2021-08-10 00:11:16.423,1.48,15,2
13535,98318,2021-05-05 00:00:59.177,1.185,15,2
13535,98319,2021-08-10 00:11:16.423,3.6,15,2
13535,98320,2021-08-10 00:11:16.423,3.385,15,2
13535,98321,2021-08-10 00:11:16.423,1.0375,15,2
13535,98322,2021-08-10 00:11:16.423,1.244,15,2
13535,98324,2021-08-10 00:11:16.423,1.34,15,2
13535,98328,2021-08-10 00:11:16.423,3.11,15,2
13535,98329,2019-08-28 03:43:38.49,4.2,15,2
13535,98332,2021-08-10 00:11:16.423,3.71,15,2
13535,98362,2021-08-10 00:11:16.423,0.14133,15,2
13535,98373,2021-08-10 00:11:16.423,2.00104,15,2
13535,98380,2019-08-28 03:43:38.49,0.3785,15,2
13535,98402,2021-08-10 00:11:16.423,0.21512,15,2
13535,98405,2019-08-28 03:43:38.49,86.64,15,2
13535,98413,2021-08-10 00:11:16.423,0.3619,15,2
13535,98418,2021-08-10 00:11:16.423,25.3,15,2
13535,98455,2021-08-10 00:11:16.423,0.659,15,2
13535,98472,2021-08-10 00:11:16.423,0.275,15,2
13535,98479,2021-08-10 00:11:16.423,2.49179,15,2
13535,98490,2021-08-10 00:11:16.423,0.3451,15,2
13535,9849027,2021-08-10 00:11:16.423,0.713,15,2
13535,98491,2021-08-10 00:11:16.423,2.217,15,2
13535,98494,2021-08-10 00:11:16.423,0.36661,15,2
13535,98501,2021-08-10 00:11:16.423,0.4177,15,2
13535,98531,2021-08-10 00:11:16.423,0.0251,15,2
13535,98536,2021-08-10 00:11:16.423,0.237,15,2
13535,98563,2021-08-10 00:11:16.423,0.22706,15,2
13535,98623,2021-08-10 00:11:16.423,2.543,15,2
13535,98625,2021-08-10 00:11:16.423,0.64428,15,2
13535,98638,2021-08-10 00:11:16.423,0.00907,15,2
13535,98641,2021-05-05 00:00:59.177,1.544,15,2
13535,98649,2021-08-10 00:11:16.423,1.27745,15,2
13535,98656,2021-08-10 00:11:16.423,55.8878,15,2
13535,98666,2021-08-10 00:11:16.423,0.681,15,2
13535,98669,2021-05-05 00:00:59.177,1.93643,15,2
13535,98672,2021-08-10 00:11:16.423,0.0908,15,2
13535,98672708,2020-04-10 07:25:52.107,81.44,15,2
13535,98675,2021-08-10 00:11:16.423,0.5963,15,2
13535,98697,2021-08-10 00:11:16.423,4.11494,15,2
13535,98730,2021-08-10 00:11:16.423,0.7448,15,2
13535,98734,2021-05-05 00:00:59.177,1.126,15,2
13535,98741,2021-08-10 00:11:16.423,0.2117,15,2
13535,98747,2021-08-10 00:11:16.423,0.4826,15,2
13535,98750,2021-08-10 00:11:16.423,1.206,15,2
13535,98770,2021-08-10 00:11:16.423,0.2827,15,2
13535,98776,2021-08-10 00:11:16.423,3.245,15,2
13535,98783,2021-08-10 00:11:16.423,0.0746,15,2
13535,98802,2021-08-10 00:11:16.423,6.74328,15,2
13535,98809,2021-08-10 00:11:16.423,2.1145,15,2
13535,98811,2021-08-10 00:11:16.423,0.7446,15,2
13535,98812,2021-08-10 00:11:16.423,1.003,15,2
13535,98823,2021-08-10 00:11:16.423,0.1209,15,2
13535,98824,2021-08-10 00:11:16.423,0.5348,15,2
13535,98826,2021-08-10 00:11:16.423,0.42192,15,2
13535,98827,2021-08-10 00:11:16.423,1.37903,15,2
13535,98828,2021-08-10 00:11:16.423,2.928,15,2
13535,98829,2021-08-10 00:11:16.423,3.858,15,2
13535,98836,2021-08-10 00:11:16.423,0.1642,15,2
13535,98843,2021-05-05 00:00:59.177,0.0372,15,2
13535,98848,2021-05-05 00:00:59.177,0.1084,15,2
13535,98850,2021-08-10 00:11:16.423,2.0612,15,2
13535,98851,2021-08-10 00:11:16.423,0.1275,15,2
13535,98852,2021-08-10 00:11:16.423,0.37833,15,2
13535,98855,2021-08-10 00:11:16.423,0.38377,15,2
13535,98856,2021-08-10 00:11:16.423,1.12657,15,2
13535,98878,2021-08-10 00:11:16.423,8.63,15,2
13535,98881,2021-08-10 00:11:16.423,0.06129,15,2
13535,98884,2021-08-10 00:11:16.423,1.12689,15,2
13535,98885,2021-08-10 00:11:16.423,1.12929,15,2
13535,98888,2021-08-10 00:11:16.423,0.8349,15,2
13535,98894,2021-08-10 00:11:16.423,4.168,15,2
13535,98899,2021-08-10 00:11:16.423,0.24902,15,2
13535,98901,2021-08-10 00:11:16.423,0.02661,15,2
13535,98907,2021-08-10 00:11:16.423,0.39794,15,2
13535,98909,2021-08-10 00:11:16.423,0.23053,15,2
13535,98910,2021-08-10 00:11:16.423,0.4448,15,2
13535,98913,2021-08-10 00:11:16.423,0.29053,15,2
13535,98914,2021-08-10 00:11:16.423,0.3546,15,2
13535,98917,2021-08-10 00:11:16.423,0.63537,15,2
13535,98943,2021-05-05 00:00:59.177,7.5925,15,2
13535,98944,2021-08-10 00:11:16.423,0.1714,15,2
13535,98945,2021-05-05 00:00:59.177,8474.75,15,2
13535,98948,2021-08-10 00:11:16.423,0.05405,15,2
13535,98949,2021-08-10 00:11:16.423,0.13664,15,2
13535,98957,2021-08-10 00:11:16.423,6.538,15,2
13535,98962,2021-08-10 00:11:16.423,0.04174,15,2
13535,98963,2021-08-10 00:11:16.423,0.34979,15,2
13535,98964,2021-08-10 00:11:16.423,0.8626,15,2
13535,98968,2021-08-10 00:11:16.423,0.00567,15,2
13535,98971,2021-08-10 00:11:16.423,2.238,15,2
13535,98976,2021-08-10 00:11:16.423,0.14133,15,2
13535,98978,2021-08-10 00:11:16.423,7.2567,15,2
13535,98980,2021-08-10 00:11:16.423,1.544,15,2
13535,98986,2021-05-05 00:00:59.177,0.4748,15,2
13535,99010,2021-08-10 00:11:16.423,0.0412,15,2
13535,99011,2021-05-05 00:00:59.177,0.77817,15,2
13535,9909921,2021-08-10 00:11:16.423,0.34923,15,2
13535,TG01,2019-08-28 03:43:38.49,0.0,15,2
13535,TG02,2019-08-28 03:43:38.49,0.0,15,2
13535,TG03,2019-08-28 03:43:38.49,0.0,15,2
